charcoal age,MACROcharcoal (log(char)*rate),,,,
10.47516604,0.948383821,,,,
10.53339472,0.850790204,,,,
10.96096331,1.010576016,,,,
11.31739293,0.799212571,,,,
11.62584233,1.106871314,,,,
11.90839281,0.964607139,,,,
12.18699296,1.107597861,,,,
12.48946553,0.885070208,,,,
12.80586133,0.743964851,,,,
13.14057866,0.773504961,,,,
13.46211702,0.965863455,,,,
13.7502321,1.227995338,,,,
14.04660402,0.849524058,,,,
14.40503101,0.620669917,,,,
14.88090384,0.461474953,,,,
15.48832495,0.416869104,,,,
16.00239607,0.389583026,,,,
16.66217813,0.465577978,,,,
17.38653225,0.477966932,,,,
18.06423701,0.501189693,,,,
18.65611036,0.5313207,,,,
19.18454138,0.614167734,,,,
19.66602135,0.678173785,,,,
20.10932646,0.70479669,,,,
20.52762434,0.746800905,,,,
20.92649048,0.753964426,,,,
21.35994485,0.730277139,,,,
21.7498784,0.803412331,,,,
22.15238054,0.899979435,,,,
22.54446839,0.868861629,,,,
22.93342337,0.852537983,,,,
23.32652692,0.677107057,,,,
24.12414875,0.758097525,,,,
24.57147802,0.684721591,,,,
25.19863959,0.683848822,,,,
25.68403486,0.748860594,,,,
26.10981182,0.753932767,,,,
26.58314546,0.677889008,,,,
27.01581494,0.802574438,,,,
27.41203254,0.891173589,,,,
27.82736297,0.762758431,,,,
28.23797992,0.851655683,,,,
28.57012625,0.513854635,,,,
29.01035831,0.763588408,,,,
29.43915388,0.74238198,,,,
29.8432406,0.764650128,,,,
30.27231163,0.708659981,,,,
30.71364768,0.776057552,,,,
31.16976028,0.755735203,,,,
31.63973523,0.805469673,,,,
31.83705116,0.675474553,,,,
32.61127833,0.575559958,,,,
33.10475573,0.541050424,,,,
33.57075403,0.696530719,,,,
34.13537178,0.578000374,,,,
34.60488117,0.546436966,,,,
35.10222512,0.660745216,,,,
35.62400869,0.780970075,,,,
36.07639015,0.639771763,,,,
36.58195692,0.643156877,,,,
37.05623892,0.794268295,,,,
37.56439083,0.662360351,,,,
38.00601315,0.679473985,,,,
38.47247713,0.81960374,,,,
38.94297416,0.761014321,,,,
39.4086201,0.67525082,,,,
39.85489518,0.781143047,,,,
40.33374428,0.824358082,,,,
40.79302309,0.782320524,,,,
41.33539299,0.642133454,,,,
41.61947927,0.837158435,,,,
42.42648686,0.733318569,,,,
42.93003798,0.784241136,,,,
43.37467591,0.790920291,,,,
43.81642119,0.808780744,,,,
44.25517413,0.862510416,,,,
44.69083501,0.853739989,,,,
45.12330411,0.727397991,,,,
45.52575644,0.765929584,,,,
46.79581345,0.719967697,,,,
47.12311626,0.845940922,,,,
47.53536918,0.700298121,,,,
47.94375914,0.877230689,,,,
48.34818644,0.847785039,,,,
49.14475421,0.806149296,,,,
49.55374382,0.991865339,,,,
49.68740539,0.898283277,,,,
50.23351708,0.901792798,,,,
50.58805199,0.974971078,,,,
50.94532159,0.919139794,,,,
51.27881867,1.187586019,,,,
51.59065801,1.197542865,,,,
51.87409495,1.20998362,,,,
52.1976804,1.15190687,,,,
52.45512064,1.127561972,,,,
52.69967951,1.221315901,,,,
52.90764122,1.462325635,,,,
53.13364946,1.584065763,,,,
53.35288277,1.663239617,,,,
53.56745594,1.356958469,,,,
53.77948376,1.302106963,,,,
53.99108101,1.721252,,,,
54.20436248,1.773813421,,,,
54.42144297,1.135177579,,,,
54.68707872,1.595836089,,,,
55.07818981,1.183760617,,,,
55.32955945,1.320926806,,,,
55.59497161,1.090019676,,,,
55.87654105,1.295341049,,,,
56.17638258,1.025226731,,,,
56.49661098,0.905692313,,,,
56.83934103,0.737236099,,,,
57.20668752,0.768541998,,,,
57.60076524,0.757300447,,,,
58.02368898,0.616308501,,,,
58.50406733,0.557039711,,,,
58.99295079,0.733904519,,,,
59.51714357,0.730296521,,,,
60.07876048,0.669330732,,,,
60.67991629,0.358334698,,,,
61.35653912,0.346549708,,,,
62.29340797,0.303773443,,,,
63.48659279,0.274529075,,,,
65.80668236,0.137380308,,,,
67.27402515,0.188365281,,,,
68.72891955,0.272168643,,,,
69.93976502,0.245489233,,,,
71.33690125,0.315839431,,,,
72.35775762,0.156297736,,,,
73.10170371,1.218616991,,,,
73.72694158,1.877368092,,,,
73.93542103,2.231485032,,,,
74.11705981,1.830961917,,,,
74.31703088,1.476822493,,,,
74.52212321,2.078100054,,,,
74.72096377,1.913673172,,,,
74.91737088,2.199993304,,,,
75.11136504,1.944325689,,,,
75.3053467,1.942740813,,,,
75.48984564,2.302780699,,,,
75.83493926,1.808324076,,,,
75.86591412,2.409008509,,,,
76.01753567,2.006572688,,,,
76.10459156,2.392577397,,,,
76.19783886,2.229001119,,,,
76.36923396,1.719067773,,,,
76.54291182,2.014162925,,,,
76.54509628,1.842039418,,,,
76.72519405,1.816131785,,,,
76.89652929,1.849170532,,,,
77.23264795,1.993485105,,,,
77.42201187,1.898837702,,,,
77.59748976,1.574863059,,,,
77.74764623,1.997457756,,,,
77.90579384,1.94306528,,,,
78.05896939,2.192463488,,,,
78.21591645,2.093284421,,,,
78.37548049,2.211553966,,,,
78.45068618,1.764264942,,,,
78.87533834,3.033258657,,,,
79.02306947,2.086867402,,,,
79.16438248,2.489702014,,,,
79.30380464,2.887823753,,,,
79.44135646,2.028634196,,,,
79.58211152,2.156033929,,,,
79.71591589,2.550674998,,,,
79.84791216,2.877793339,,,,
79.9781208,2.688171204,,,,
80.1065623,2.707725446,,,,
80.23325716,2.694808757,,,,
80.35822587,3.018682125,,,,
80.47995856,2.684511271,,,,
80.60155737,3.460454533,,,,
80.72149123,3.261229594,,,,
80.83978065,2.146281928,,,,
80.9564461,3.182157577,,,,
81.10713936,2.551707816,,,,
81.38051535,2.873140224,,,,
81.48973733,3.261352719,,,,
81.5974533,3.179026762,,,,
81.70368375,3.216706804,,,,
81.80844916,3.145384811,,,,
81.91177002,3.076320289,,,,
82.01366683,3.008182513,,,,
82.11416007,4.272439115,,,,
82.21696024,3.511004623,,,,
82.31465713,2.99014207,,,,
82.41101269,2.960156339,,,,
82.50604741,2.102122786,,,,
82.59978179,3.734256178,,,,
82.68649501,2.528207055,,,,
82.78343146,3.069428615,,,,
82.87338774,3.164816464,,,,
82.96212563,3.743871728,,,,
83.10916515,2.588096072,,,,
83.18888438,3.463459806,,,,
83.27338447,3.048027398,,,,
83.35676082,3.881817047,,,,
83.4288094,2.63051985,,,,
83.60035226,3.63165014,,,,
83.67943851,3.859334679,,,,
83.75556412,4.026052655,,,,
83.83265304,4.163689805,,,,
83.90876112,4.049792259,,,,
84.05811676,2.979235838,,,,
84.12912874,4.238082107,,,,
84.19254249,3.286890181,,,,
84.53344946,2.90097919,,,,
84.60109717,3.834209315,,,,
84.66798355,4.492860184,,,,
84.73412909,0.498740676,,,,
84.79955427,2.931266193,,,,
84.85542061,3.14415349,,,,
84.91955876,3.639448231,,,,
84.98303522,3.907512667,,,,
85.10769803,4.609762231,,,,
85.16931601,3.487433053,,,,
85.23187283,3.691756439,,,,
85.29271404,3.629512421,,,,
85.35226449,5.064088513,,,,
85.41463046,4.080580925,,,,
85.47974592,4.50158792,,,,
85.70095432,5.328910657,,,,
85.75769088,6.258408818,,,,
85.81405272,4.763424646,,,,
85.83544629,6.253401119,,,,
85.87006034,5.429324912,,,,
85.92573422,5.041034396,,,,
85.9762628,8.995263445,,,,
85.98109487,4.481271857,,,,
86.03616277,5.052853453,,,,
86.09095841,6.674894757,,,,
86.11348709,8.761851006,,,,
86.20455688,5.952321151,,,,
86.25931603,4.276607313,,,,
86.31253702,5.098368914,,,,
86.36626482,4.74967515,,,,
86.4225206,4.543763566,,,,
86.47596802,6.452912076,,,,
86.52930991,5.089922772,,,,
86.58256678,5.334906825,,,,
86.63409761,5.476584743,,,,
86.6603444,3.714285029,,,,
86.75929593,2.840208897,,,,
86.80577945,3.046504634,,,,
86.81242097,3.837116361,,,,
86.86557009,4.030142704,,,,
86.89548474,1.79473274,,,,
86.91876377,5.677486791,,,,
87.02202988,3.267411339,,,,
87.07547297,4.857409905,,,,
87.18275538,3.746695089,,,,
87.23731032,4.008704256,,,,
87.2913798,3.360842619,,,,
87.34565674,2.819693202,,,,
87.40016162,3.061665789,,,,
87.45491495,3.371729257,,,,
87.50993721,4.231262017,,,,
87.5652489,5.821632306,,,,
87.62087049,4.0001095,,,,
87.67682248,3.586929931,,,,
87.74124896,3.957077372,,,,
87.79797829,4.224218005,,,,
87.85510245,4.601023186,,,,
87.91264191,2.663827442,,,,
87.97061716,3.385762323,,,,
88.02904871,3.294565899,,,,
88.08795703,1.587405161,,,,
88.14736261,3.451251029,,,,
88.20728596,3.405692856,,,,
88.26964587,3.507030708,,,,
88.33068399,3.803696742,,,,
88.39230197,5.124358417,,,,
88.45452031,1.297913412,,,,
88.5173595,4.467090025,,,,
88.58084002,-0.06607576,,,,
88.64498237,0.626743593,,,,
88.70980704,-2.441723859,,,,
88.77533452,2.373918429,,,,
88.89932324,2.815160579,,,,
88.96697577,2.461819514,,,,
89.03541025,-2.310905737,,,,
89.10464718,3.21003337,,,,
89.13563345,6.570340603,,,,
89.17735055,2.099519146,,,,
89.24828585,3.305185285,,,,
89.29081149,7.749732898,,,,
89.32008583,6.501421039,,,,
89.46636177,4.242614833,,,,
89.47330807,3.390654161,,,,
89.54087872,3.166877093,,,,
89.61634231,-0.360625202,,,,
89.84861779,2.662576116,,,,
89.92807283,1.695695575,,,,
89.93857875,2.331602952,,,,
90.00857696,-1.962637343,,,,
90.08245714,0.961334359,,,,
92.23302158,0.842343532,,,,
92.345356,2.105161771,,,,
92.45925842,0.487436536,,,,
92.57474933,0.268071789,,,,
92.69184921,1.638474276,,,,
92.81057855,0.24563577,,,,
92.93095786,0.240913892,,,,
93.05223957,-1.293137691,,,,
93.17596963,-1.275496419,,,,
93.30141098,1.261999201,,,,
93.42858413,-0.154955179,,,,
93.55750955,0.665566641,,,,
93.69149809,0.558779677,,,,
93.82403463,-0.146484987,,,,
93.95838544,0.39612836,,,,
94.094571,0.788825607,,,,
94.2326118,0.79826604,,,,
94.33737222,-1.132286311,,,,
94.4742634,0.213182366,,,,
94.60574585,0.207078473,,,,
94.73885722,-1.090858968,,,,
94.87361342,-1.076995518,,,,
95.02217485,0.339637348,,,,
95.14906899,-1.051520595,,,,
95.28886654,-1.038824974,,,,
95.43037257,-0.107059846,,,,
95.58831591,0.353686824,,,,
95.73346505,0.393089809,,,,
95.89344888,0.384968746,,,,
96.03007011,0.384898409,,,,
96.17952271,0.921145363,,,,
96.33284042,0.827556299,,,,
96.5080587,1.010341681,,,,
96.66425662,0.941756555,,,,
96.82230993,0.533196988,,,,
96.99646811,0.117153703,,,,
97.14515354,0.449815585,,,,
97.30888137,1.260235044,,,,
97.49721442,-0.087700686,,,,
97.67999806,0.358543286,,,,
97.8371838,-0.856039471,,,,
97.99605498,-0.049017575,,,,
98.18513713,0.199643109,,,,
98.31770447,-0.051482263,,,,
98.48048262,-0.820695291,,,,
98.64619577,-0.811345294,,,,
98.84463163,-0.055530138,,,,
99.01417874,-0.793853708,,,,
99.18423526,-0.785742982,,,,
99.35477448,-0.777682349,,,,
99.53093895,-0.769672853,,,,
99.7076374,-0.761168511,,,,
99.91521299,-0.742225613,,,,
100.1065295,0.001006653,,,,
100.2908712,0.365091331,,,,
100.5047415,0.508261123,,,,
100.7174003,0.151061006,,,,
100.9848892,0.65591607,,,,
101.2485364,0.612955484,,,,
101.5250582,0.691390367,,,,
101.8378816,0.00868593,,,,
102.0971988,0.10575223,,,,
103.9882667,0.551301992,,,,
104.3761823,0.77490677,,,,
104.7770834,0.827800511,,,,
105.1876052,0.773446015,,,,
106.0320369,0.78048997,,,,
106.4678166,0.628674518,,,,
106.9108545,0.700671332,,,,
107.3605588,0.670449879,,,,
107.8130386,0.557084223,,,,
108.2742634,0.613724528,,,,
108.6562144,0.578007352,,,,
112.4945068,0.552250324,,,,
113.3984707,0.526293206,,,,
113.8902956,0.547282976,,,,
114.0699004,0.643923118,,,,
114.8737521,0.652379417,,,,
115.3606254,0.731540684,,,,
115.9004935,0.64904419,,,,
116.3147904,0.67736919,,,,
116.7875234,0.669428729,,,,
117.195843,0.799812039,,,,
124.0976679,1.099379969,,,,
124.328262,1.445892866,,,,
124.5410846,1.224432552,,,,
124.7283424,1.205615495,,,,
125.0194414,0.598658132,,,,
125.2769862,1.214218586,,,,
125.5386689,1.349349864,,,,
125.7068786,0.893446233,,,,
126.0460841,0.894900254,,,,
126.2862105,1.107738761,,,,
126.5097992,0.824623542,,,,
126.7388665,1.30558653,,,,
126.8621446,2.097410724,,,,
126.9537888,0.987300425,,,,
127.0887687,1.548256163,,,,
127.1859781,1.140026457,,,,
127.3784588,0.881805503,,,,
127.4942285,-0.785879528,,,,
127.5680312,0.736041083,,,,
127.768487,0.69685093,,,,
127.9645731,0.701922694,,,,
128.1554011,1.192451198,,,,
128.3074733,0.903953145,,,,
128.5261767,1.446849152,,,,
128.7067126,0.811872809,,,,
128.8733088,1.663682748,,,,
129.0486061,1.688776824,,,,
129.1772157,2.382439733,,,,
129.2313631,0.931435471,,,,
129.3969583,1.112850456,,,,
129.4908609,3.22691229,,,,
129.5620414,1.477904966,,,,
129.735278,1.418096644,,,,
129.9021267,1.204641418,,,,
129.9073592,2.027563005,,,,
130.0681837,1.273021451,,,,
130.233743,1.288045563,,,,
130.3990991,1.458282632,,,,
130.5499672,0.941555363,,,,
130.7178425,0.914379149,,,,
130.9105429,1.05737555,,,,
131.2277989,1.204905451,,,,
131.4002132,0.973773896,,,,
131.5658143,1.438367465,,,,
131.7378012,1.150540837,,,,
131.7510404,0.935721514,,,,
131.912152,1.402340265,,,,
132.1073478,1.355278049,,,,
132.3131002,1.638297761,,,,
132.4911506,1.50243791,,,,
132.6845908,0.961828624,,,,
132.8599681,1.097021988,,,,
133.0585753,1.238756506,,,,
133.2573414,1.377471351,,,,
133.4616796,0.938001324,,,,
133.6629397,1.395178531,,,,
133.8576655,1.654768158,,,,
134.0898692,1.074925343,,,,
134.2283543,1.652025961,,,,
134.4136946,1.324647907,,,,
134.5886262,1.774296731,,,,
134.7971277,1.519206158,,,,
134.9173462,1.677465739,,,,
135.0715909,1.736920665,,,,
135.2491407,1.48151217,,,,
135.4169159,2.030601712,,,,
135.5864996,2.115338787,,,,
135.745693,2.069909458,,,,
135.9127592,2.470468095,,,,
136.0608724,2.681630032,,,,
136.5719549,2.088028387,,,,
136.6787042,2.51797323,,,,
136.80483,1.993344607,,,,
136.9314792,1.977780745,,,,
137.0414481,1.686149136,,,,
137.1638747,1.836737832,,,,
137.2850875,1.864855356,,,,
137.4059954,1.668312797,,,,
137.5187735,2.674486463,,,,
137.6236386,1.78848704,,,,
137.7524348,2.196215309,,,,
137.8689385,1.641658037,,,,
137.9894289,0.541147274,,,,
138.1038272,2.620740811,,,,
138.2106467,2.907314924,,,,
138.3280726,0.676566806,,,,
138.4055263,2.555119312,,,,
138.5027463,2.578167963,,,,
138.5325867,2.357471899,,,,
138.6289365,2.746800024,,,,
138.7254405,2.426334659,,,,
138.8205247,3.154279579,,,,
138.9150104,3.143236766,,,,
139.0096989,3.138800362,,,,
139.0494382,2.566116706,,,,
139.128622,2.684092368,,,,
139.1371383,1.300840085,,,,
139.2289898,1.904727558,,,,
139.320343,2.0378879,,,,
139.4028379,2.275734959,,,,
139.4766078,2.794976304,,,,
139.5667088,2.363192002,,,,
139.6571399,2.787300326,,,,
139.7359319,2.462630776,,,,
139.8248699,2.062504637,,,,
139.9134455,2.469395752,,,,
140.0016792,3.110270327,,,,
140.0895917,2.724010121,,,,
140.1772033,2.003732254,,,,
140.2652674,3.145158092,,,,
140.3435681,1.485723495,,,,
140.4304218,2.145623252,,,,
140.517055,2.801044163,,,,
140.6034882,2.095909213,,,,
140.6897418,2.504324301,,,,
140.7765594,2.415333908,,,,
140.8625146,2.641096349,,,,
140.9483521,2.453486378,,,,
140.9815059,3.036583446,,,,
140.9865498,2.393039072,,,,
141.0664942,2.069921085,,,,
141.1521342,2.451517302,,,,
141.2370068,2.234384445,,,,
141.3225707,2.611729483,,,,
141.4023754,2.395276035,,,,
141.4929777,2.167406842,,,,
141.5728242,2.530212851,,,,
141.6577567,2.495931329,,,,
141.7434816,2.78379766,,,,
141.8285783,3.162998595,,,,
141.9174003,2.326374206,,,,
142.002747,2.251074891,,,,
142.0889718,1.944332691,,,,
142.1681046,2.113950545,,,,
142.2546845,1.409538754,,,,
142.3407493,2.269718257,,,,
142.4277782,2.132259145,,,,
142.5143287,3.060431909,,,,
142.6040992,2.364321811,,,,
142.6919633,2.83713941,,,,
142.7949989,2.996401461,,,,
142.801686,2.263581492,,,,
142.9052196,1.791660345,,,,
143.0092548,2.391227132,,,,
143.1138243,2.285600018,,,,
143.2189609,2.394003173,,,,
143.3254602,2.258387883,,,,
143.4318336,2.648509658,,,,
143.5388725,2.247460071,,,,
143.6466096,2.675537322,,,,
143.7550775,1.832778091,,,,
143.8139185,2.142851437,,,,
143.9101213,1.724335485,,,,
144.0204911,2.319298283,,,,
144.1317036,1.94662209,,,,
144.2437915,2.518072675,,,,
144.3576039,2.4153678,,,,
144.4715477,1.990956534,,,,
144.5864654,2.255380733,,,,
144.7023896,1.618902501,,,,
144.7594772,2.597963773,,,,
144.7763156,1.833546958,,,,
144.9007574,2.114462439,,,,
145.0358773,2.009245952,,,,
145.1724595,2.252072119,,,,
145.3096733,2.122006781,,,,
145.4493144,1.440972797,,,,
145.5896625,1.714026205,,,,
145.7325534,1.963308043,,,,
145.763523,2.066480785,,,,
145.9075654,1.7820043,,,,
146.05428,2.243641604,,,,
146.2018569,2.164259147,,,,
146.352224,1.579590315,,,,
146.5044951,2.334224617,,,,
146.6577358,1.971664442,,,,
146.8139462,2.065125071,,,,
146.9711962,1.574076352,,,,
147.0653172,2.570051971,,,,
147.0805666,1.964263489,,,,
147.2392751,2.101264279,,,,
147.4052999,2.154210606,,,,
147.5736057,2.055738258,,,,
147.7442423,1.848595729,,,,
147.9172596,1.745393914,,,,
148.0927075,2.139055818,,,,
148.1424971,1.907056084,,,,
148.3098935,1.639038943,,,,
148.496611,1.656589179,,,,
148.6745231,1.356030892,,,,
148.8607747,1.918554779,,,,
149.0497175,2.294973952,,,,
149.2414012,1.701248965,,,,
149.3103602,2.222389616,,,,
149.9155684,1.689725997,,,,
150.0135419,1.796035927,,,,
150.2193403,1.476399281,,,,
150.4281735,1.669070839,,,,
150.6400914,1.84497211,,,,
150.855144,1.93656021,,,,
151.0733811,1.487073863,,,,
151.2948527,1.244801111,,,,
151.5905263,1.810682268,,,,
151.8196686,1.324698563,,,,
152.0522108,1.818948815,,,,
152.2882026,1.367219408,,,,
152.5276939,1.246968966,,,,
152.7921714,1.633720641,,,,
155.3595915,0.710207315,,,,
155.6442753,0.264231877,,,,
155.933099,0.841653986,,,,
156.2261125,0.646331892,,,,
156.5233658,0.800250464,,,,
156.8249087,0.6657164,,,,
156.9773044,1.136266115,,,,
157.2659921,0.804110859,,,,
157.5782001,0.778230196,,,,
157.8948693,0.779985447,,,,
158.3376655,0.890542781,,,,
158.66513,0.926444253,,,,
158.8513601,0.847597465,,,,
159.1860804,0.88321249,,,,
160.0414443,0.750222026,,,,
160.3535491,0.747488821,,,,
160.6735244,0.970366812,,,,
161.012933,1.385275083,,,,
161.2428749,0.876580522,,,,
161.5832988,0.743730489,,,,
162.0959622,0.826985679,,,,
162.4536718,0.832745923,,,,
162.818048,0.683007195,,,,
163.1888962,0.856074781,,,,
163.566022,0.730858868,,,,
164.1003167,0.845916214,,,,
164.4916585,0.803220053,,,,
164.8886187,0.624802249,,,,
165.2910027,0.41524168,,,,
165.5882592,1.084195237,,,,
165.9233515,0.497313953,,,,
166.3386674,0.491268511,,,,
167.1833076,0.408855444,,,,
167.6122429,0.354916562,,,,
168.082373,0.547938552,,,,
168.1101746,0.52327327,,,,
168.5477899,0.50833905,,,,
168.9859955,0.523232293,,,,
169.4308579,0.492968377,,,,
169.8790659,0.458118801,,,,
170.3304248,0.491695638,,,,
170.7847403,0.490522182,,,,
171.2353161,0.162284492,,,,
171.6491818,0.484363686,,,,
172.1109406,0.107124427,,,,
172.5749002,0.364612972,,,,
173.0408661,0.355864233,,,,
173.5053204,0.390737458,,,,
173.9747047,0.380224393,,,,
174.4622324,0.412661394,,,,
174.9041454,0.454099873,,,,
175.3771925,0.451129195,,,,
175.851086,0.524585415,,,,
176.3256315,0.444001261,,,,
176.8006345,0.389046336,,,,
177.2725293,0.435389061,,,,
177.7478641,0.415489111,,,,
177.9265143,0.47807902,,,,
177.9905525,0.311909026,,,,
178.4757282,0.310083571,,,,
178.8696186,0.418142016,,,,
179.6460135,0.482354021,,,,
180.0953346,0.73669172,,,,
180.6071551,0.477887072,,,,
181.1207768,0.366264742,,,,
181.6325965,0.517491106,,,,
181.7254412,0.52060321,,,,
182.2348047,0.530825631,,,,
182.8041908,0.340857788,,,,
183.1481707,0.42458552,,,,
183.5559593,0.420870114,,,,
184.0556069,0.314444659,,,,
184.5487712,0.440277994,,,,
185.0416468,0.27521239,,,,
185.527583,0.330900717,,,,
185.92165,0.382045166,,,,
186.1411178,0.923546876,,,,
186.1942824,0.427603613,,,,
186.5928445,0.452182703,,,,
187.0128409,0.415106263,,,,
187.4290853,0.528613888,,,,
187.4990961,0.407966426,,,,
187.9107326,0.439787742,,,,
188.2943849,0.495216021,,,,
188.6978437,0.508369294,,,,
189.0968331,0.398696006,,,,
189.4940606,0.355995604,,,,
189.8835517,0.689451551,,,,
190.267925,0.432140788,,,,
190.4803242,0.496372656,,,,
190.8561991,0.609758971,,,,
191.3429308,0.671029488,,,,
191.455858,0.737498858,,,,
191.8182891,0.863523312,,,,
192.1785128,0.689643668,,,,
192.531438,0.566392724,,,,
192.8798782,0.592970978,,,,
193.2265146,0.725612314,,,,
193.2591857,0.641954353,,,,
193.5391098,0.841700154,,,,
193.8704648,0.748139397,,,,
194.1980984,0.849202585,,,,
194.52217,0.746541787,,,,
194.8428388,0.568334689,,,,
195.1579071,0.611327985,,,,
195.4722711,0.739964256,,,,
195.7744534,0.626440992,,,,
196.092381,0.617318199,,,,
196.2137392,0.655769822,,,,
196.5188166,0.494515678,,,,
196.8215094,0.622426191,,,,
197.1219768,0.816446902,,,,
197.4181586,0.747244836,,,,
197.714667,0.565562253,,,,
198.009427,0.697421543,,,,
198.3025979,0.443890015,,,,
198.583477,0.744060586,,,,
198.8826464,0.424389337,,,,
198.9842595,1.099642877,,,,
200.9087276,0.597184542,,,,
201.2268043,0.641704594,,,,
201.5536649,0.810321065,,,,
201.8488884,0.601351885,,,,
202.1682863,0.583754529,,,,
202.4864117,0.341880419,,,,
202.8056205,0.6387499,,,,
203.1261274,0.750959068,,,,
203.3086959,0.542342023,,,,
203.9564928,0.639613682,,,,
204.28338,0.568251317,,,,
204.3743305,0.826545122,,,,
204.4054276,0.580834604,,,,
204.7287798,0.852608262,,,,
205.0545977,0.660574963,,,,
205.3853586,0.570469317,,,,
205.7167345,0.606252873,,,,
206.053501,0.632970974,,,,
206.3912479,0.743763248,,,,
206.7111886,0.470256246,,,,
207.0582498,0.482602845,,,,
207.4068176,0.606792743,,,,
207.5668127,0.533379098,,,,
207.9017,0.477243319,,,,
208.2603817,0.430545733,,,,
208.6034579,0.510560191,,,,
208.9711884,0.638324039,,,,
209.343869,0.586228371,,,,
209.7243256,0.701988622,,,,
210.1075497,0.655428135,,,,
210.4315887,1.033343368,,,,
210.4558486,0.615384598,,,,
210.8689501,0.820633259,,,,
211.2858072,0.800433934,,,,
211.7121724,0.72424939,,,,
212.1426651,0.701422656,,,,
212.5802958,0.684809931,,,,
213.0282646,0.708415147,,,,
213.4809066,0.681633131,,,,
213.9444483,0.594077962,,,,
214.4130198,0.596285915,,,,
215.0560449,0.457962757,,,,
215.54439,0.460354723,,,,
216.5511389,0.099335539,,,,
217.0666778,0.415141931,,,,
217.5952274,0.580800137,,,,
218.1908951,0.775799363,,,,
218.2231519,0.472898944,,,,
218.7295275,0.487942113,,,,
219.2335473,0.534707089,,,,
220.2766262,0.472233448,,,,
220.6034815,0.434333321,,,,
221.0827798,0.342948232,,,,
221.5925755,0.40071842,,,,
222.0924519,0.350507106,,,,
222.5866895,0.441815647,,,,
223.0794051,0.500809731,,,,
223.5186163,0.678148348,,,,
223.602563,0.553967983,,,,
224.0553455,0.579544275,,,,
224.5328315,0.68601502,,,,
225.0110731,0.478229209,,,,
225.4803623,0.556536861,,,,
225.893597,0.555448146,,,,
226.4082733,0.53511133,,,,
226.70117,0.443140522,,,,
227.0962841,0.730051712,,,,
230.7679263,0.475089807,,,,
231.2585515,0.192555905,,,,
231.776595,0.371191679,,,,
232.3013426,0.262975017,,,,
232.8334499,0.094829917,,,,
233.3431327,0.133532886,,,,
233.8759629,0.156992155,,,,
236.2840941,0.614715102,,,,
236.3593657,0.197574213,,,,
236.9301056,0.388315327,,,,
237.5557666,0.282904916,,,,
238.1907324,0.256998959,,,,
238.8399416,0.279700075,,,,
239.5087289,0.250426541,,,,
240.2746489,0.273375967,,,,
240.9531779,0.087424368,,,,
241.6678536,0.188652445,,,,
242.4053372,0.354226915,,,,
243.1561299,0.155430353,,,,
243.9259247,0.19685681,,,,
245.230379,0.189067676,,,,
246.0535316,0.244353731,,,,
246.7972751,-0.011264758,,,,
247.6430968,0.253019886,,,,
248.5293658,0.182483326,,,,
249.1458344,0.457078652,,,,
249.1966423,0.126912908,,,,
249.9871476,0.140385076,,,,
250.7755367,0.203116565,,,,
251.5812688,0.200117455,,,,
252.4047313,0.141765301,,,,
253.2463113,0.17387169,,,,
254.1136424,0.155089541,,,,
254.8227957,0.090281211,,,,
255.7174886,0.085433897,,,,
256.6317772,0.110115147,,,,
256.9487198,0.121380427,,,,
257.8423646,0.13556812,,,,
258.8111133,0.143696261,,,,
259.8010851,0.151309126,,,,
260.7825905,0.189621649,,,,
261.7145167,0.208877829,,,,
262.2973058,0.208229809,,,,
263.1777509,0.221584978,,,,
263.9801143,0.19470341,,,,
264.8089273,0.147557018,,,,
265.619065,0.14734902,,,,
266.4159096,0.181189825,,,,
267.335941,0.144102254,,,,
268.1027619,0.237836675,,,,
268.9193216,0.15196184,,,,
269.1446779,0.190044532,,,,
269.9207475,0.198256707,,,,
270.7668982,0.127866715,,,,
271.635971,0.155846784,,,,
272.5339043,0.160135147,,,,
273.4589597,0.168320545,,,,
274.4320776,0.175060362,,,,
275.0016287,0.139134224,,,,
276.0329778,0.161313588,,,,
277.1457829,0.124962284,,,,
278.3117289,0.082769537,,,,
278.8105953,0.044704687,,,,
291.2377369,0.12353069,,,,
292.5170215,0.137670356,,,,
293.7769735,0.12170348,,,,
295.8701969,0.103412058,,,,
298.0070627,0.098814968,,,,
302.214,0.093287045,,,,
305.5598276,0.077037677,,,,
309.3273023,0.065610276,,,,
310.8480608,0.067949708,,,,
314.8812702,0.073727791,,,,
319.0980833,0.076730333,,,,
322.8942698,0.074318776,,,,
327.2458947,0.085989208,,,,
330.8153606,0.088749784,,,,
334.1658386,0.089256412,,,,
335.2891975,0.097728549,,,,
338.4026961,0.102465802,,,,
341.2987219,0.12362011,,,,
344.2337068,0.118757226,,,,
346.9174346,0.136743443,,,,
349.1734039,0.143659153,,,,
351.7112247,0.146480934,,,,
352.8486914,0.125229235,,,,
355.1829563,0.176010472,,,,
357.8797252,0.168094717,,,,
360.5833394,0.216833846,,,,
362.9566997,0.202190477,,,,
365.2059415,0.232348664,,,,
367.1859086,0.235385325,,,,
368.0808325,0.218384434,,,,
369.9166959,0.221561092,,,,
371.7928607,0.27014511,,,,
373.5714836,0.286074906,,,,
375.287177,0.324738756,,,,
376.9306327,0.327601653,,,,
378.5842229,0.378392878,,,,
380.0916533,0.350243702,,,,
381.6331279,0.33545989,,,,
383.1520558,0.397974768,,,,
383.4668085,0.294038206,,,,
383.8961582,0.328158066,,,,
384.8521452,0.31520545,,,,
386.3934602,0.324740027,,,,
387.9599849,0.28328708,,,,
389.5640231,0.278076445,,,,
391.2178786,0.252071543,,,,
392.9338551,0.269597343,,,,
393.6181282,0.278641503,,,,
395.2661165,0.267100418,,,,
397.1710608,0.267339822,,,,
399.1786516,0.237711089,,,,
401.2794813,0.263010802,,,,
403.3929616,0.246288364,,,,
405.377152,0.250764843,,,,
407.0190081,0.131312461,,,,
413.6465516,0.219315522,,,,
415.0516149,0.233502881,,,,
416.257469,0.214337068,,,,
417.0920077,0.206110467,,,,
417.6482114,0.249268657,,,,
417.9659799,0.247210308,,,,
419.4217601,0.228319593,,,,
420.9027089,0.229372708,,,,
422.3556847,0.253626786,,,,
426.5716112,0.252133768,,,,
428.6589735,0.244997013,,,,
430.0865534,0.249449157,,,,
431.5633241,0.275516999,,,,
433.023554,0.282094208,,,,
445.9670552,0.165091231,,,,
446.143808,0.104762513,,,,
447.4286717,0.062900531,,,,
448.8960064,0.104349294,,,,
454.2368459,0.145274457,,,,
455.5702836,0.149088626,,,,
456.9084058,0.005949112,,,,
457.3325419,0.11004799,,,,
458.636223,0.081373262,,,,
459.9679283,0.076661205,,,,
460.5888639,0.071714064,,,,
461.9671315,0.112294147,,,,
463.253339,0.080560815,,,,
464.542366,0.079187561,,,,
465.0903206,0.090129653,,,,
467.4600742,0.110607019,,,,
468.7176719,0.129825214,,,,
469.9538947,0.067121764,,,,
471.1911808,0.078336504,,,,
475.5452687,0.301530414,,,,
487.5602224,0.132276194,,,,
488.7608341,0.130597221,,,,
489.9239796,0.116900166,,,,
491.0776615,0.085434328,,,,
491.4791882,0.14934362,,,,
492.5440938,0.135716878,,,,
493.6529681,0.196670875,,,,
495.809633,0.136222344,,,,
496.8201346,0.10978254,,,,
497.7830882,0.148023419,,,,
498.9778082,0.328299011,,,,
499.0973577,0.127492849,,,,
499.8923834,0.189589063,,,,
500.7609806,0.27875256,,,,
501.5860744,0.203890183,,,,
502.3701391,0.178727692,,,,
503.115649,0.236052662,,,,
503.8250787,0.213392879,,,,
505.0218954,0.201168967,,,,
505.6479063,0.239396971,,,,
506.2424911,0.279967235,,,,
506.8129025,0.293711178,,,,
507.2966703,0.113576083,,,,
507.796866,0.242291941,,,,
508.3124427,0.136191701,,,,
508.8132969,0.143857118,,,,
509.301903,0.123990372,,,,
509.7807354,0.258867534,,,,
510.2522684,0.160323337,,,,
510.7189765,0.075747378,,,,
510.7958834,0.649870516,,,,
521.9280529,0.29876087,,,,
527.6168647,0.109562282,,,,
528.6034594,0.115175056,,,,
529.6986252,0.142111635,,,,
530.8531718,0.147644274,,,,
532.0494353,0.102926094,,,,
533.2986339,0.103892378,,,,
534.6137838,0.119567163,,,,
535.0688209,0.140421103,,,,
536.5207206,0.040316688,,,,
538.148938,0.041047174,,,,
539.9531728,0.056597296,,,,
541.8868931,0.065222035,,,,
543.9485095,0.066722275,,,,
546.1407776,0.068459118,,,,
548.4106437,0.044873259,,,,
550.7599846,0.066593733,,,,
551.938978,0.122403138,,,,
552.266657,0.051347781,,,,
554.8781522,0.064212888,,,,
557.6578183,0.052329439,,,,
560.43887,0.045826838,,,,
563.2625525,0.027788034,,,,
566.0216399,0.059340252,,,,
567.7690062,0.039690831,,,,
570.403833,-0.050485181,,,,
573.077885,0.031434225,,,,
575.5873283,0.015151789,,,,
577.9174859,0.088700323,,,,
580.1056041,0.049536014,,,,
583.421728,0.072406123,,,,
585.1727725,0.071184869,,,,
586.6581914,0.144806496,,,,
587.9069075,0.041265123,,,,
588.890942,0.281904375,,,,
589.5732227,-0.358155298,,,,
589.9417779,1.266326499,,,,
589.98224,-0.075258503,,,,
586.2964467,-0.028190494,,,,
576.6769126,-0.099911685,,,,
575.0042408,0.876908236,,,,
575.098688,0.303765262,,,,
575.310482,-0.005601879,,,,
575.9120469,0.332192655,,,,
576.4117212,0.15428808,,,,
577.0073978,0.164118645,,,,
578.139961,0.176513048,,,,
584.6284062,0.342561502,,,,
585.0119361,0.103072238,,,,
585.5819411,0.131936329,,,,
586.5825167,0.128770009,,,,
587.628046,-0.011777691,,,,
588.6896368,0.094869354,,,,
590.8007714,-0.112384487,,,,
591.4592253,0.098733855,,,,
591.8778689,0.125174702,,,,
597.8714993,0.141918896,,,,
600.58933,0.109594735,,,,
605.0599692,0.496736054,,,,
605.7511318,0.33208715,,,,
606.2523818,-0.170609136,,,,
606.4458063,0.280859403,,,,
606.9584025,-0.011673439,,,,
607.1494306,0.274468978,,,,
607.6499433,0.070200684,,,,
607.8443274,0.211583689,,,,
608.3386234,0.047894551,,,,
608.5362271,0.181823572,,,,
609.0019786,-0.006316951,,,,
609.6738311,0.100265344,,,,
610.3318553,-0.006376357,,,,
610.976348,0.043201684,,,,
612.173343,0.170125438,,,,
612.8055583,-0.009302375,,,,
613.4195952,0.139127623,,,,
614.5950135,0.224394894,,,,
615.654285,0.247364274,,,,
616.228324,0.236529087,,,,
616.8001088,0.233458208,,,,
617.3789805,0.270773265,,,,
618.2613316,0.484513122,,,,
618.9220242,0.190269348,,,,
619.5190152,0.218721969,,,,
620.1122943,0.312200165,,,,
620.6974328,0.370141727,,,,
621.2659359,0.236216331,,,,
621.8352862,0.232409828,,,,
622.3633073,0.118124758,,,,
622.9259838,0.144985816,,,,
623.4686615,0.257238019,,,,
624.000023,0.193108997,,,,
624.536252,0.341893174,,,,
625.0613033,0.365707903,,,,
625.7491839,0.193442704,,,,
626.2352477,0.323674448,,,,
626.7339385,0.451382995,,,,
627.2335228,0.337034854,,,,
627.7155558,0.233827171,,,,
628.2022411,0.24585167,,,,
628.4503699,0.587542432,,,,
628.4897727,0.26228037,,,,
628.6719086,-0.281944267,,,,
628.9946674,0.11461251,,,,
629.4926898,0.06339424,,,,
629.9805552,0.240708997,,,,
630.4687264,0.271579038,,,,
630.9403524,0.223208703,,,,
631.4124955,0.181456383,,,,
631.826316,0.377247221,,,,
632.2838256,0.421727042,,,,
632.7387743,0.28801339,,,,
633.1565923,0.328649229,,,,
633.6255892,0.219013884,,,,
634.064047,0.226880273,,,,
634.4942525,0.222003914,,,,
634.886465,0.230705094,,,,
635.3190649,0.341608155,,,,
635.7349569,0.071164616,,,,
636.1462919,0.232035112,,,,
636.4583681,0.72797892,,,,
636.4871356,0.194140812,,,,
636.8420796,0.215409592,,,,
