age,PC1 5pt Smooth (lake),,,
10.47516604,,,,
10.53339472,,,,
10.96096331,-0.13654,,,
11.31739293,-0.1502,,,
11.62584233,-0.16346,,,
11.90839281,-0.16552,,,
12.18699296,-0.1789,,,
12.48946553,-0.1886,,,
12.80586133,-0.1862,,,
13.14057866,-0.166,,,
13.46211702,-0.19142,,,
13.7502321,-0.19628,,,
14.04660402,-0.1876,,,
14.40503101,-0.20402,,,
14.88090384,-0.23172,,,
15.48832495,-0.2106,,,
16.00239607,-0.20436,,,
16.66217813,-0.20236,,,
17.38653225,-0.18674,,,
18.06423701,-0.17252,,,
18.65611036,-0.16556,,,
19.18454138,-0.15934,,,
19.66602135,-0.15922,,,
20.10932646,-0.1552,,,
20.52762434,-0.1537,,,
20.92649048,-0.15456,,,
21.35994485,-0.15682,,,
21.7498784,-0.15692,,,
22.15238054,-0.15536,,,
22.54446839,-0.1545,,,
22.93342337,-0.16162,,,
23.32652692,-0.15876,,,
24.12414875,-0.16436,,,
24.57147802,-0.1679,,,
25.19863959,-0.17002,,,
25.68403486,-0.16294,,,
26.10981182,-0.16338,,,
26.58314546,-0.16058,,,
27.01581494,-0.16162,,,
27.41203254,-0.1622,,,
27.82736297,-0.15972,,,
28.23797992,-0.15846,,,
28.57012625,-0.15528,,,
29.01035831,-0.1564,,,
29.43915388,-0.15606,,,
29.8432406,-0.1692,,,
30.27231163,-0.17174,,,
30.71364768,-0.17466,,,
31.16976028,-0.17354,,,
31.63973523,-0.16988,,,
31.83705116,-0.15064,,,
32.61127833,-0.1501,,,
33.10475573,-0.14124,,,
33.57075403,-0.1355,,,
34.13537178,-0.13018,,,
34.60488117,-0.14654,,,
35.10222512,-0.14432,,,
35.62400869,-0.15164,,,
36.07639015,-0.15988,,,
36.58195692,-0.16794,,,
37.05623892,-0.15942,,,
37.56439083,-0.16256,,,
38.00601315,-0.15192,,,
38.47247713,-0.15196,,,
38.94297416,-0.15386,,,
39.4086201,-0.16608,,,
39.85489518,-0.1747,,,
40.33374428,-0.19858,,,
40.79302309,-0.19976,,,
41.33539299,-0.19866,,,
41.61947927,-0.1899,,,
42.42648686,-0.182,,,
42.93003798,-0.18772,,,
43.37467591,-0.18672,,,
43.81642119,-0.18724,,,
44.25517413,-0.18658,,,
44.69083501,-0.18392,,,
45.12330411,-0.1729,,,
45.52575644,-0.1715,,,
46.79581345,-0.1664,,,
47.12311626,-0.18176,,,
47.53536918,-0.1805,,,
47.94375914,-0.17064,,,
48.34818644,-0.17074,,,
49.14475421,-0.17724,,,
49.55374382,-0.16248,,,
49.68740539,-0.16264,,,
50.23351708,-0.17712,,,
50.58805199,-0.17876,,,
50.94532159,-0.1792,,,
51.27881867,-0.19524,,,
51.59065801,-0.19722,,,
51.87409495,-0.18082,,,
52.1976804,-0.17774,,,
52.45512064,-0.17754,,,
52.69967951,-0.16334,,,
52.90764122,-0.16512,,,
53.13364946,-0.166,,,
53.35288277,-0.16326,,,
53.56745594,-0.16288,,,
53.77948376,-0.16134,,,
53.99108101,-0.1781,,,
54.20436248,-0.18452,,,
54.42144297,-0.201,,,
54.68707872,-0.2038,,,
55.07818981,-0.20376,,,
55.32955945,-0.18982,,,
55.59497161,-0.18842,,,
55.87654105,-0.18038,,,
56.17638258,-0.17816,,,
56.49661098,-0.18596,,,
56.83934103,-0.19686,,,
57.20668752,-0.21774,,,
57.60076524,-0.21072,,,
58.02368898,-0.2074,,,
58.50406733,-0.21144,,,
58.99295079,-0.19702,,,
59.51714357,-0.17638,,,
60.07876048,-0.1884,,,
60.67991629,-0.18402,,,
61.35653912,-0.17128,,,
62.29340797,-0.17814,,,
63.48659279,-0.1701,,,
65.80668236,-0.1592,,,
67.27402515,-0.16132,,,
68.72891955,-0.14868,,,
69.93976502,-0.14196,,,
71.33690125,-0.1434,,,
72.35775762,-0.14078,,,
73.10170371,-0.1466,,,
73.72694158,-0.15616,,,
73.93542103,-0.15192,,,
74.11705981,-0.155,,,
74.31703088,-0.1581,,,
74.52212321,-0.09102,,,
74.72096377,-0.0947,,,
74.91737088,-0.09006,,,
75.11136504,-0.08544,,,
75.3053467,-0.00156,,,
75.48984564,-0.00644,,,
75.83493926,0.07682,,,
75.86591412,0.13136,,,
76.01753567,0.2245,,,
76.10459156,0.2186,,,
76.19783886,0.16294,,,
76.36923396,0.09054,,,
76.54291182,0.02878,,,
76.54509628,-0.07236,,,
76.72519405,-0.15744,,,
76.89652929,-0.16484,,,
77.23264795,-0.1749,,,
77.42201187,-0.17482,,,
77.59748976,-0.17326,,,
77.74764623,-0.15934,,,
77.90579384,-0.17144,,,
78.05896939,-0.1722,,,
78.21591645,-0.17148,,,
78.37548049,-0.1751,,,
78.45068618,-0.20672,,,
78.87533834,-0.19142,,,
79.02306947,-0.1759,,,
79.16438248,-0.17416,,,
79.30380464,-0.1696,,,
79.44135646,-0.14402,,,
79.58211152,-0.1413,,,
79.71591589,-0.15306,,,
79.84791216,-0.15302,,,
79.9781208,-0.14954,,,
80.1065623,-0.1509,,,
80.23325716,-0.14916,,,
80.35822587,-0.15534,,,
80.47995856,-0.1547,,,
80.60155737,-0.15536,,,
80.72149123,-0.14416,,,
80.83978065,-0.05226,,,
80.9564461,-0.0358,,,
81.10713936,-0.0282,,,
81.38051535,0.03902,,,
81.48973733,0.04134,,,
81.5974533,-0.0433,,,
81.70368375,-0.04392,,,
81.80844916,0.00404,,,
81.91177002,-0.0636,,,
82.01366683,-0.01994,,,
82.11416007,0.0005,,,
82.21696024,0.00478,,,
82.31465713,-0.03636,,,
82.41101269,0.02866,,,
82.50604741,0.01064,,,
82.59978179,0.0112,,,
82.68649501,0.03362,,,
82.78343146,0.04704,,,
82.87338774,0.02606,,,
82.96212563,0.01892,,,
83.10916515,0.03088,,,
83.18888438,0.02192,,,
83.27338447,0.02586,,,
83.35676082,0.01296,,,
83.4288094,0.0175,,,
83.60035226,-0.0021,,,
83.67943851,-0.01542,,,
83.75556412,-0.02592,,,
83.83265304,-0.03246,,,
83.90876112,-0.05168,,,
84.05811676,-0.06234,,,
84.12912874,-0.08438,,,
84.19254249,-0.10604,,,
84.53344946,-0.1469,,,
84.60109717,-0.15892,,,
84.66798355,-0.17026,,,
84.73412909,-0.17802,,,
84.79955427,-0.19192,,,
84.85542061,-0.18672,,,
84.91955876,-0.1985,,,
84.98303522,-0.21116,,,
85.10769803,-0.194,,,
85.16931601,-0.18742,,,
85.23187283,-0.1752,,,
85.29271404,-0.16764,,,
85.35226449,-0.16566,,,
85.41463046,-0.07656,,,
85.47974592,0.02472,,,
85.70095432,0.11982,,,
85.75769088,0.13364,,,
85.81405272,0.23736,,,
85.83544629,0.15598,,,
85.87006034,0.14762,,,
85.92573422,0.05786,,,
85.9762628,0.05776,,,
85.98109487,-0.02926,,,
86.03616277,0.04994,,,
86.09095841,0.05352,,,
86.11348709,0.05876,,,
86.20455688,0.05902,,,
86.25931603,0.06424,,,
86.31253702,-0.00856,,,
86.36626482,-0.0859,,,
86.4225206,-0.08596,,,
86.47596802,-0.08832,,,
86.52930991,-0.08346,,,
86.58256678,-0.0866,,,
86.63409761,-0.08346,,,
86.6603444,-0.0752,,,
86.75929593,-0.0666,,,
86.80577945,-0.0658,,,
86.81242097,-0.05374,,,
86.86557009,-0.05372,,,
86.89548474,-0.05744,,,
86.91876377,-0.06264,,,
87.02202988,-0.05946,,,
87.07547297,-0.044,,,
87.18275538,0.01458,,,
87.23731032,0.01856,,,
87.2913798,0.01644,,,
87.34565674,0.01134,,,
87.40016162,-0.01998,,,
87.45491495,-0.0855,,,
87.50993721,-0.0903,,,
87.5652489,-0.08716,,,
87.62087049,-0.03878,,,
87.67682248,0.11352,,,
87.74124896,0.12166,,,
87.79797829,0.13412,,,
87.85510245,0.1458,,,
87.91264191,0.11012,,,
87.97061716,-0.01138,,,
88.02904871,-0.00268,,,
88.08795703,0.05162,,,
88.14736261,0.11848,,,
88.20728596,0.17732,,,
88.26964587,0.1577,,,
88.33068399,0.2361,,,
88.39230197,0.17622,,,
88.45452031,0.13204,,,
88.5173595,0.0928,,,
88.58084002,0.11134,,,
88.64498237,0.08132,,,
88.70980704,0.09464,,,
88.77533452,0.1183,,,
88.89932324,0.1027,,,
88.96697577,0.15048,,,
89.03541025,0.13196,,,
89.10464718,0.19592,,,
89.13563345,0.24616,,,
89.17735055,0.26702,,,
89.24828585,0.3029,,,
89.29081149,0.36746,,,
89.32008583,0.34094,,,
89.46636177,0.33364,,,
89.47330807,0.43642,,,
89.54087872,0.47014,,,
89.61634231,0.4338,,,
89.84861779,0.50444,,,
89.92807283,0.56002,,,
89.93857875,0.44652,,,
90.00857696,0.39594,,,
90.08245714,0.39998,,,
92.23302158,0.37342,,,
92.345356,0.36742,,,
92.45925842,0.46024,,,
92.57474933,0.3761,,,
92.69184921,0.31494,,,
92.81057855,0.24286,,,
92.93095786,0.14616,,,
93.05223957,0.03354,,,
93.17596963,0.05852,,,
93.30141098,0.07276,,,
93.42858413,0.1669,,,
93.55750955,0.11596,,,
93.69149809,0.23516,,,
93.82403463,0.20814,,,
93.95838544,0.19646,,,
94.094571,0.09502,,,
94.2326118,0.26346,,,
94.33737222,0.31378,,,
94.4742634,0.4786,,,
94.60574585,0.60918,,,
94.73885722,0.6995,,,
94.87361342,0.64404,,,
95.02217485,0.64596,,,
95.14906899,0.60138,,,
95.28886654,0.60338,,,
95.43037257,0.50338,,,
95.58831591,0.44616,,,
95.73346505,0.35788,,,
95.89344888,0.33928,,,
96.03007011,0.32768,,,
96.17952271,0.44846,,,
96.33284042,0.49772,,,
96.5080587,0.42276,,,
96.66425662,0.30704,,,
96.82230993,0.16638,,,
96.99646811,0.03858,,,
97.14515354,-0.05118,,,
97.30888137,0.0974,,,
97.49721442,0.14854,,,
97.67999806,0.18966,,,
97.8371838,0.2255,,,
97.99605498,0.24064,,,
98.18513713,0.1137,,,
98.31770447,0.11024,,,
98.48048262,0.15414,,,
98.64619577,0.13672,,,
98.84463163,0.12858,,,
99.01417874,0.10688,,,
99.18423526,0.07134,,,
99.35477448,-0.00542,,,
99.53093895,-0.01578,,,
99.7076374,-0.0496,,,
99.91521299,-0.05578,,,
100.1065295,-0.05558,,,
100.2908712,-0.03662,,,
100.5047415,-0.0581,,,
100.7174003,-0.0531,,,
100.9848892,-0.07054,,,
101.2485364,0.10772,,,
101.5250582,0.23902,,,
101.8378816,0.23312,,,
102.0971988,0.2207,,,
103.9882667,0.19902,,,
104.3761823,-0.0105,,,
104.7770834,-0.1933,,,
105.1876052,-0.2056,,,
106.0320369,-0.21448,,,
106.4678166,-0.22984,,,
106.9108545,-0.22316,,,
107.3605588,-0.21626,,,
107.8130386,-0.21154,,,
108.2742634,-0.20532,,,
108.6562144,-0.16906,,,
112.4945068,-0.15724,,,
113.3984707,-0.16312,,,
113.8902956,-0.13708,,,
114.0699004,-0.13876,,,
114.8737521,-0.14256,,,
115.3606254,-0.14976,,,
115.9004935,-0.13784,,,
116.3147904,-0.12096,,,
116.7875234,-0.12364,,,
117.195843,-0.05572,,,
124.0976679,0.03926,,,
124.328262,0.13924,,,
124.5410846,0.20484,,,
124.7283424,0.31806,,,
125.0194414,0.33732,,,
125.2769862,0.27554,,,
125.5386689,0.27632,,,
125.7068786,0.26862,,,
126.0460841,0.26398,,,
126.2862105,0.26884,,,
126.5097992,0.30844,,,
126.7388665,0.31472,,,
126.8621446,0.28692,,,
126.9537888,0.28766,,,
127.0887687,0.33114,,,
127.1859781,0.41352,,,
127.3784588,0.44694,,,
127.4942285,0.47068,,,
127.5680312,0.5227,,,
127.768487,0.43178,,,
127.9645731,0.37152,,,
128.1554011,0.32728,,,
128.3074733,0.33708,,,
128.5261767,0.275,,,
128.7067126,0.3184,,,
128.8733088,0.28194,,,
129.0486061,0.28482,,,
129.1772157,0.26524,,,
129.2313631,0.22594,,,
129.3969583,0.16122,,,
129.4908609,0.19754,,,
129.5620414,0.21844,,,
129.735278,0.19008,,,
129.9021267,0.23112,,,
129.9073592,0.28744,,,
130.0681837,0.21972,,,
130.233743,0.23408,,,
130.3990991,0.25912,,,
130.5499672,0.19428,,,
130.7178425,0.14426,,,
130.9105429,0.16874,,,
131.2277989,0.0622,,,
131.4002132,0.00562,,,
131.5658143,0.01086,,,
131.7378012,0.09412,,,
131.7510404,0.05356,,,
131.912152,0.11454,,,
132.1073478,0.09884,,,
132.3131002,0.22552,,,
132.4911506,0.1304,,,
132.6845908,0.1334,,,
132.8599681,0.06106,,,
133.0585753,0.27244,,,
133.2573414,0.16844,,,
133.4616796,0.14736,,,
133.6629397,0.13208,,,
133.8576655,0.12658,,,
134.0898692,-0.0472,,,
134.2283543,-0.09248,,,
134.4136946,-0.08198,,,
134.5886262,-0.06742,,,
134.7971277,-0.05658,,,
134.9173462,-0.08872,,,
135.0715909,-0.0998,,,
135.2491407,-0.10736,,,
135.4169159,-0.11544,,,
135.5864996,-0.12932,,,
135.745693,-0.13804,,,
135.9127592,-0.1431,,,
136.0608724,-0.13518,,,
136.5719549,-0.12796,,,
136.6787042,-0.1202,,,
136.80483,-0.11042,,,
136.9314792,-0.08964,,,
137.0414481,-0.08704,,,
137.1638747,-0.08024,,,
137.2850875,-0.08692,,,
137.4059954,-0.08638,,,
137.5187735,-0.08592,,,
137.6236386,-0.08596,,,
137.7524348,-0.09488,,,
137.8689385,-0.08742,,,
137.9894289,-0.09414,,,
138.1038272,-0.0923,,,
138.2106467,-0.08768,,,
138.3280726,-0.08972,,,
138.4055263,-0.08844,,,
138.5027463,-0.0846,,,
138.5325867,-0.08852,,,
138.6289365,-0.10566,,,
138.7254405,-0.11622,,,
138.8205247,-0.13166,,,
138.9150104,-0.13898,,,
139.0096989,-0.13672,,,
139.0494382,-0.12484,,,
139.128622,-0.1106,,,
139.1371383,-0.1015,,,
139.2289898,-0.09484,,,
139.320343,-0.10324,,,
139.4028379,-0.1066,,,
139.4766078,-0.1028,,,
139.5667088,-0.10166,,,
139.6571399,-0.10042,,,
139.7359319,-0.09944,,,
139.8248699,-0.10336,,,
139.9134455,-0.10896,,,
140.0016792,-0.10912,,,
140.0895917,-0.11276,,,
140.1772033,-0.1085,,,
140.2652674,-0.10224,,,
140.3435681,-0.10382,,,
140.4304218,-0.10148,,,
140.517055,-0.09974,,,
140.6034882,-0.09968,,,
140.6897418,-0.10216,,,
140.7765594,-0.1004,,,
140.8625146,-0.05448,,,
140.9483521,-0.05446,,,
140.9815059,-0.05614,,,
140.9865498,-0.06138,,,
141.0664942,-0.06036,,,
141.1521342,-0.11054,,,
141.2370068,-0.0495,,,
141.3225707,-0.05434,,,
141.4023754,0.02054,,,
141.4929777,0.0217,,,
141.5728242,0.01448,,,
141.6577567,0.00664,,,
141.7434816,0.0364,,,
141.8285783,-0.0316,,,
141.9174003,-0.03052,,,
142.002747,0.00582,,,
142.0889718,-0.00872,,,
142.1681046,0.03204,,,
142.2546845,0.0954,,,
142.3407493,0.14934,,,
142.4277782,0.19156,,,
142.5143287,0.21816,,,
142.6040992,0.1937,,,
142.6919633,0.19998,,,
142.7949989,0.20094,,,
142.801686,0.17202,,,
142.9052196,0.17338,,,
143.0092548,0.16318,,,
143.1138243,0.11934,,,
143.2189609,0.07912,,,
143.3254602,0.10668,,,
143.4318336,0.09386,,,
143.5388725,0.14832,,,
143.6466096,0.17554,,,
143.7550775,0.17986,,,
143.8139185,0.106,,,
143.9101213,0.0826,,,
144.0204911,0.01752,,,
144.1317036,0.02334,,,
144.2437915,0.01716,,,
144.3576039,0.0352,,,
144.4715477,0.02796,,,
144.5864654,0.04668,,,
144.7023896,-0.00024,,,
144.7594772,-0.00692,,,
144.7763156,-0.0192,,,
144.9007574,-0.04238,,,
145.0358773,-0.08766,,,
145.1724595,-0.10412,,,
145.3096733,-0.1125,,,
145.4493144,-0.11812,,,
145.5896625,-0.12242,,,
145.7325534,-0.12302,,,
145.763523,-0.12924,,,
145.9075654,-0.12984,,,
146.05428,-0.1292,,,
146.2018569,-0.13762,,,
146.352224,-0.1516,,,
146.5044951,-0.16172,,,
146.6577358,-0.18546,,,
146.8139462,-0.1774,,,
146.9711962,-0.17946,,,
147.0653172,-0.17612,,,
147.0805666,-0.17054,,,
147.2392751,-0.15966,,,
147.4052999,-0.17878,,,
147.5736057,-0.1758,,,
147.7442423,-0.17684,,,
147.9172596,-0.18,,,
148.0927075,-0.18282,,,
148.1424971,-0.17634,,,
148.3098935,-0.1805,,,
148.496611,-0.17748,,,
148.6745231,-0.17982,,,
148.8607747,-0.17654,,,
149.0497175,-0.16526,,,
149.2414012,-0.1639,,,
149.3103602,-0.17646,,,
149.9155684,-0.17372,,,
150.0135419,-0.17848,,,
150.2193403,-0.19878,,,
150.4281735,-0.20438,,,
150.6400914,-0.192,,,
150.855144,-0.18454,,,
151.0733811,-0.18448,,,
151.2948527,-0.18108,,,
151.5905263,-0.17866,,,
151.8196686,-0.18254,,,
152.0522108,-0.1874,,,
152.2882026,-0.169,,,
152.5276939,-0.1767,,,
152.7921714,-0.17022,,,
155.3595915,-0.17508,,,
155.6442753,-0.18606,,,
155.933099,-0.20788,,,
156.2261125,-0.19422,,,
156.5233658,-0.19802,,,
156.8249087,-0.17942,,,
156.9773044,-0.16154,,,
157.2659921,-0.14746,,,
157.5782001,-0.14804,,,
157.8948693,-0.14208,,,
158.3376655,-0.14816,,,
158.66513,-0.1336,,,
158.8513601,-0.13986,,,
159.1860804,-0.1471,,,
160.0414443,-0.1509,,,
160.3535491,-0.1582,,,
160.6735244,-0.17916,,,
161.012933,-0.17754,,,
161.2428749,-0.17472,,,
161.5832988,-0.17512,,,
162.0959622,-0.16786,,,
162.4536718,-0.16558,,,
162.818048,-0.17514,,,
163.1888962,-0.17582,,,
163.566022,-0.17374,,,
164.1003167,-0.17274,,,
164.4916585,-0.16716,,,
164.8886187,-0.1691,,,
165.2910027,-0.15336,,,
165.5882592,-0.14056,,,
165.9233515,-0.12904,,,
166.3386674,-0.12062,,,
167.1833076,-0.08688,,,
167.6122429,-0.10262,,,
168.082373,-0.10858,,,
168.1101746,-0.1176,,,
168.5477899,-0.12362,,,
168.9859955,-0.1381,,,
169.4308579,-0.12964,,,
169.8790659,-0.12864,,,
170.3304248,-0.1156,,,
170.7847403,-0.1155,,,
171.2353161,-0.1046,,,
171.6491818,-0.09434,,,
172.1109406,-0.08658,,,
172.5749002,-0.0906,,,
173.0408661,-0.08414,,,
173.5053204,-0.02932,,,
173.9747047,-0.0385,,,
174.4622324,0.01372,,,
174.9041454,0.05302,,,
175.3771925,0.0503,,,
175.851086,0.0396,,,
176.3256315,0.10966,,,
176.8006345,0.10298,,,
177.2725293,0.08324,,,
177.7478641,0.14124,,,
177.9265143,0.1593,,,
177.9905525,0.1459,,,
178.4757282,0.12698,,,
178.8696186,0.1506,,,
179.6460135,0.12086,,,
180.0953346,0.08084,,,
180.6071551,0.07398,,,
181.1207768,0.0893,,,
181.6325965,0.0912,,,
181.7254412,0.10534,,,
182.2348047,0.11256,,,
182.8041908,0.12454,,,
183.1481707,0.12438,,,
183.5559593,0.15464,,,
184.0556069,0.1456,,,
184.5487712,0.1374,,,
185.0416468,0.08146,,,
185.527583,0.08682,,,
185.92165,0.06638,,,
186.1411178,0.05332,,,
186.1942824,0.06608,,,
186.5928445,0.05868,,,
187.0128409,0.0404,,,
187.4290853,0.01698,,,
187.4990961,-0.00302,,,
187.9107326,-0.04846,,,
188.2943849,-0.04044,,,
188.6978437,-0.06792,,,
189.0968331,-0.10298,,,
189.4940606,-0.10706,,,
189.8835517,-0.1118,,,
190.267925,-0.1276,,,
190.4803242,-0.14532,,,
190.8561991,-0.15786,,,
191.3429308,-0.16866,,,
191.455858,-0.1721,,,
191.8182891,-0.17044,,,
192.1785128,-0.17088,,,
192.531438,-0.14828,,,
192.8798782,-0.14626,,,
193.2265146,-0.14906,,,
193.2591857,-0.1476,,,
193.5391098,-0.13978,,,
193.8704648,-0.14922,,,
194.1980984,-0.13614,,,
194.52217,-0.08912,,,
194.8428388,-0.0784,,,
195.1579071,-0.07264,,,
195.4722711,-0.07076,,,
195.7744534,-0.07104,,,
196.092381,-0.10136,,,
196.2137392,-0.06842,,,
196.5188166,-0.01138,,,
196.8215094,0.0174,,,
197.1219768,0.01884,,,
197.4181586,0.05506,,,
197.714667,0.06894,,,
198.009427,0.05074,,,
198.3025979,0.07336,,,
198.583477,0.13432,,,
198.8826464,0.15242,,,
198.9842595,0.1663,,,
200.9087276,0.17046,,,
201.2268043,0.16626,,,
201.5536649,0.16562,,,
201.8488884,0.14868,,,
202.1682863,0.12098,,,
202.4864117,0.11398,,,
202.8056205,0.10474,,,
203.1261274,0.082,,,
203.3086959,0.07372,,,
203.9564928,0.08192,,,
204.28338,0.08846,,,
204.3743305,0.03922,,,
204.4054276,0.001,,,
204.7287798,0.00514,,,
205.0545977,-0.04422,,,
205.3853586,-0.09466,,,
205.7167345,-0.09352,,,
206.053501,-0.06896,,,
206.3912479,-0.10604,,,
206.7111886,-0.10414,,,
207.0582498,-0.10202,,,
207.4068176,-0.09626,,,
207.5668127,-0.1241,,,
207.9017,-0.13558,,,
208.2603817,-0.14362,,,
208.6034579,-0.15202,,,
208.9711884,-0.16164,,,
209.343869,-0.17264,,,
209.7243256,-0.15744,,,
210.1075497,-0.15698,,,
210.4315887,-0.161,,,
210.4558486,-0.16282,,,
210.8689501,-0.16396,,,
211.2858072,-0.18,,,
211.7121724,-0.18282,,,
212.1426651,-0.17804,,,
212.5802958,-0.17824,,,
213.0282646,-0.17574,,,
213.4809066,-0.17248,,,
213.9444483,-0.1665,,,
214.4130198,-0.16634,,,
215.0560449,-0.17162,,,
215.54439,-0.1743,,,
216.5511389,-0.17916,,,
217.0666778,-0.16596,,,
217.5952274,-0.16508,,,
218.1908951,-0.1597,,,
218.2231519,-0.16202,,,
218.7295275,-0.16052,,,
219.2335473,-0.17678,,,
220.2766262,-0.17576,,,
220.6034815,-0.17176,,,
221.0827798,-0.16554,,,
221.5925755,-0.16228,,,
222.0924519,-0.16262,,,
222.5866895,-0.16788,,,
223.0794051,-0.16934,,,
223.5186163,-0.17314,,,
223.602563,-0.17862,,,
224.0553455,-0.1777,,,
224.5328315,-0.1727,,,
225.0110731,-0.172,,,
225.4803623,-0.17,,,
225.893597,-0.1647,,,
226.4082733,-0.14984,,,
226.70117,-0.15196,,,
227.0962841,-0.14236,,,
230.7679263,-0.13476,,,
231.2585515,-0.13202,,,
231.776595,-0.04766,,,
232.3013426,0.11526,,,
232.8334499,0.15032,,,
233.3431327,0.15804,,,
233.8759629,0.16652,,,
236.2840941,0.18668,,,
236.3593657,0.0302,,,
236.9301056,-0.014,,,
237.5557666,-0.02752,,,
238.1907324,-0.00384,,,
238.8399416,-0.11876,,,
239.5087289,-0.1198,,,
240.2746489,-0.0308,,,
240.9531779,-0.03072,,,
241.6678536,-0.05474,,,
242.4053372,-0.0082,,,
243.1561299,-0.01076,,,
243.9259247,-0.00788,,,
245.230379,0.0753,,,
246.0535316,0.07958,,,
246.7972751,0.1074,,,
247.6430968,0.16862,,,
248.5293658,0.10244,,,
249.1458344,0.12722,,,
249.1966423,0.2269,,,
249.9871476,0.25218,,,
250.7755367,0.29668,,,
251.5812688,0.31494,,,
252.4047313,0.27914,,,
253.2463113,0.25994,,,
254.1136424,0.25798,,,
254.8227957,0.25412,,,
255.7174886,0.27508,,,
256.6317772,0.2899,,,
256.9487198,0.28446,,,
257.8423646,0.24802,,,
258.8111133,0.23714,,,
259.8010851,0.2524,,,
260.7825905,0.2497,,,
261.7145167,0.23314,,,
262.2973058,0.26398,,,
263.1777509,0.18664,,,
263.9801143,0.18048,,,
264.8089273,0.10854,,,
265.619065,0.12576,,,
266.4159096,0.09544,,,
267.335941,0.14802,,,
268.1027619,0.14788,,,
268.9193216,0.17342,,,
269.1446779,0.17304,,,
269.9207475,0.18332,,,
270.7668982,0.19352,,,
271.635971,0.2166,,,
272.5339043,0.1832,,,
273.4589597,0.17204,,,
274.4320776,0.18524,,,
275.0016287,0.18198,,,
276.0329778,0.1006,,,
277.1457829,0.10652,,,
278.3117289,0.08606,,,
278.8105953,0.0391,,,
291.2377369,0.01602,,,
292.5170215,0.00052,,,
293.7769735,0.02808,,,
295.8701969,-0.00864,,,
298.0070627,-0.05282,,,
302.214,-0.10778,,,
305.5598276,-0.10492,,,
309.3273023,-0.08534,,,
310.8480608,-0.0521,,,
314.8812702,0.01936,,,
319.0980833,0.06686,,,
322.8942698,0.11794,,,
327.2458947,0.11286,,,
330.8153606,0.12098,,,
334.1658386,0.1198,,,
335.2891975,0.07612,,,
338.4026961,0.028,,,
341.2987219,-0.02812,,,
344.2337068,-0.09738,,,
346.9174346,-0.17372,,,
349.1734039,-0.15592,,,
351.7112247,-0.17152,,,
352.8486914,-0.17554,,,
355.1829563,-0.18314,,,
357.8797252,-0.18448,,,
360.5833394,-0.21496,,,
362.9566997,-0.21794,,,
365.2059415,-0.22652,,,
367.1859086,-0.23182,,,
368.0808325,-0.23666,,,
369.9166959,-0.241,,,
371.7928607,-0.24494,,,
373.5714836,-0.2538,,,
375.287177,-0.2593,,,
376.9306327,-0.2622,,,
378.5842229,-0.2616,,,
380.0916533,-0.26668,,,
381.6331279,-0.2527,,,
383.1520558,-0.21516,,,
383.4668085,-0.20932,,,
383.8961582,-0.20728,,,
384.8521452,-0.19844,,,
386.3934602,-0.20036,,,
387.9599849,-0.22468,,,
389.5640231,-0.22536,,,
391.2178786,-0.2238,,,
392.9338551,-0.22696,,,
393.6181282,-0.22174,,,
395.2661165,-0.2226,,,
397.1710608,-0.22176,,,
399.1786516,-0.22006,,,
401.2794813,-0.22956,,,
403.3929616,-0.20608,,,
405.377152,-0.20624,,,
407.0190081,-0.20284,,,
413.6465516,-0.19558,,,
415.0516149,-0.17298,,,
416.257469,-0.19308,,,
417.0920077,-0.18592,,,
417.6482114,-0.19536,,,
417.9659799,-0.19972,,,
419.4217601,-0.20574,,,
420.9027089,-0.06426,,,
422.3556847,-0.06658,,,
426.5716112,-0.05968,,,
428.6589735,-0.0651,,,
430.0865534,-0.07448,,,
431.5633241,-0.19264,,,
433.023554,-0.18402,,,
445.9670552,-0.1689,,,
446.143808,-0.14846,,,
447.4286717,-0.13224,,,
448.8960064,-0.14996,,,
454.2368459,-0.14632,,,
455.5702836,-0.15268,,,
456.9084058,-0.16226,,,
457.3325419,-0.15974,,,
458.636223,-0.16146,,,
459.9679283,-0.16686,,,
460.5888639,-0.1652,,,
461.9671315,-0.16726,,,
463.253339,-0.1723,,,
464.542366,-0.17316,,,
465.0903206,-0.17246,,,
467.4600742,-0.164,,,
468.7176719,-0.14752,,,
469.9538947,-0.0909,,,
471.1911808,-0.01038,,,
475.5452687,0.0901,,,
487.5602224,0.17508,,,
488.7608341,0.18028,,,
489.9239796,0.2105,,,
491.0776615,0.19056,,,
491.4791882,0.17208,,,
492.5440938,0.1505,,,
493.6529681,0.21036,,,
495.809633,0.21258,,,
496.8201346,0.19708,,,
497.7830882,0.1315,,,
498.9778082,0.15622,,,
499.0973577,0.15622,,,
499.8923834,0.1521,,,
500.7609806,0.18042,,,
501.5860744,0.258,,,
502.3701391,0.23116,,,
503.115649,0.24762,,,
503.8250787,0.22774,,,
505.0218954,0.25182,,,
505.6479063,0.20518,,,
506.2424911,0.23284,,,
506.8129025,0.22372,,,
507.2966703,0.25006,,,
507.796866,0.2504,,,
508.3124427,0.27872,,,
508.8132969,0.26578,,,
509.301903,0.27388,,,
509.7807354,0.23178,,,
510.2522684,0.17886,,,
510.7189765,0.11908,,,
510.7958834,0.10424,,,
521.9280529,0.0837,,,
527.6168647,0.12346,,,
528.6034594,0.09218,,,
529.6986252,0.16788,,,
530.8531718,0.20122,,,
532.0494353,0.2193,,,
533.2986339,0.23376,,,
534.6137838,0.29088,,,
535.0688209,0.27266,,,
536.5207206,0.24122,,,
538.148938,0.2231,,,
539.9531728,0.20688,,,
541.8868931,0.21892,,,
543.9485095,0.21996,,,
546.1407776,0.20218,,,
548.4106437,0.14604,,,
550.7599846,0.14422,,,
551.938978,0.14696,,,
552.266657,0.16374,,,
554.8781522,0.18666,,,
557.6578183,0.18906,,,
560.43887,0.18122,,,
563.2625525,0.11412,,,
566.0216399,0.04874,,,
567.7690062,-0.01112,,,
570.403833,-0.0105,,,
573.077885,-0.0728,,,
575.310482,-0.15166,,,
575.9120469,-0.16122,,,
576.4117212,-0.1708,,,
577.0073978,-0.1621,,,
578.139961,-0.16022,,,
584.6284062,-0.15676,,,
585.0119361,-0.15522,,,
585.5819411,-0.14334,,,
586.5825167,-0.15764,,,
587.628046,-0.16012,,,
588.6896368,-0.15576,,,
590.8007714,-0.16256,,,
591.4592253,-0.17152,,,
591.8778689,-0.16258,,,
597.8714993,-0.1474,,,
600.58933,-0.15286,,,
605.0599692,-0.11664,,,
605.7511318,-0.11486,,,
606.2523818,-0.10968,,,
606.4458063,-0.12482,,,
606.9584025,-0.06496,,,
607.1494306,-0.09038,,,
607.6499433,-0.07678,,,
607.8443274,-0.0894,,,
608.3386234,-0.07072,,,
608.5362271,-0.11344,,,
609.0019786,-0.09202,,,
609.6738311,-0.0533,,,
610.3318553,-0.04046,,,
610.976348,-0.0385,,,
612.173343,-0.03618,,,
612.8055583,-0.05872,,,
613.4195952,-0.10806,,,
614.5950135,-0.12136,,,
615.654285,-0.13734,,,
616.228324,-0.14986,,,
616.8001088,-0.13006,,,
617.3789805,-0.13884,,,
618.2613316,-0.12566,,,
618.9220242,-0.1211,,,
619.5190152,-0.10972,,,
620.1122943,-0.11462,,,
620.6974328,-0.09268,,,
621.2659359,-0.096,,,
621.8352862,-0.08814,,,
622.3633073,-0.08812,,,
622.9259838,-0.0409,,,
623.4686615,-0.01328,,,
624.000023,0.03574,,,
624.536252,0.08976,,,
625.0613033,0.13764,,,
625.7491839,0.12788,,,
626.2352477,0.0987,,,
626.7339385,0.10756,,,
627.2335228,0.05354,,,
627.7155558,0.00808,,,
628.2022411,-0.02676,,,
628.4503699,-0.01636,,,
628.4897727,-0.01934,,,
628.6719086,0.01216,,,
628.9946674,0.06798,,,
629.4926898,0.11978,,,
629.9805552,0.16164,,,
630.4687264,0.16708,,,
630.9403524,0.1844,,,
631.4124955,0.20712,,,
631.826316,0.18914,,,
632.2838256,0.18068,,,
632.7387743,0.1849,,,
633.1565923,0.13708,,,
633.6255892,0.05836,,,
634.064047,0.02516,,,
634.4942525,-0.01768,,,
634.886465,-0.076,,,
635.3190649,-0.07554,,,
635.7349569,-0.03862,,,
636.1462919,-0.03704,,,
636.4583681,-0.03508,,,
636.4871356,-0.03924,,,
636.8420796,-0.04748,,,
637.1796907,-0.10922,,,
637.5368373,-0.13688,,,
637.8908267,-0.15562,,,
638.2445195,-0.17078,,,
638.5924988,-0.17946,,,
638.8509425,-0.16786,,,
639.1321091,-0.15542,,,
639.475719,-0.15382,,,
639.8193943,-0.15586,,,
640.1473763,-0.15752,,,
640.4809901,-0.15898,,,
640.814982,-0.15932,,,
641.1442432,-0.15598,,,
641.257845,-0.06518,,,
641.5459588,-0.04476,,,
641.8709038,-0.02992,,,
642.1940878,-0.01614,,,
642.5156197,-0.00314,,,
643.1166098,-0.04494,,,
644.8252019,-0.04552,,,
645.0169183,-0.04656,,,
645.3015684,-0.04834,,,
645.5881822,-0.05194,,,
645.8646097,-0.03756,,,
646.1700423,-0.04212,,,
646.4361579,-0.04238,,,
646.5020531,-0.04046,,,
646.8070461,-0.03734,,,
647.1119891,-0.08396,,,
647.4145454,-0.0822,,,
647.7099298,-0.08456,,,
648.0226672,-0.0852,,,
648.3186508,-0.08526,,,
648.6346851,-0.08144,,,
648.9316717,-0.0829,,,
649.2563788,-0.08056,,,
649.2933302,-0.08286,,,
649.5597291,-0.08564,,,
649.8515516,-0.06026,,,
650.1417651,-0.01184,,,
650.4354173,0.03452,,,
650.7276169,0.0428,,,
651.0234456,0.04854,,,
651.3129298,0.02654,,,
651.5909898,-0.01292,,,
651.8906174,-0.05616,,,
652.1891645,-0.0795,,,
652.4918212,-0.07024,,,
652.7935437,-0.07454,,,
653.0995763,-0.0831,,,
653.3289877,-0.10162,,,
653.6382647,-0.09758,,,
653.9468739,-0.10344,,,
654.2601773,-0.11854,,,
654.5729507,-0.13224,,,
654.9095447,-0.12938,,,
655.2596545,-0.11502,,,
655.5687196,-0.12056,,,
655.7089588,-0.1122,,,
655.7282443,-0.11304,,,
656.3502259,-0.1018,,,
660.8034235,-0.1056,,,
661.151772,-0.1128,,,
661.5163776,-0.10378,,,
661.8814679,-0.08632,,,
662.2503019,-0.08242,,,
662.616327,-0.08158,,,
663.3056336,-0.07398,,,
663.3563441,-0.07806,,,
663.730411,-0.0777,,,
664.1325693,-0.07822,,,
664.2606806,-0.0632,,,
664.6687833,-0.05738,,,
665.0813973,-0.06026,,,
665.4985922,-0.06034,,,
665.9115838,-0.06034,,,
666.3239215,-0.07222,,,
666.7391323,-0.091,,,
666.9219017,-0.07998,,,
667.3361898,-0.08304,,,
667.746348,-0.09398,,,
668.1593988,-0.06642,,,
668.5683521,-0.05274,,,
668.9767219,-0.07284,,,
669.3566535,-0.07086,,,
669.7395757,-0.06544,,,
670.1463302,-0.08376,,,
670.5525433,-0.01264,,,
670.9616909,0.06844,,,
671.3668494,0.11494,,,
671.609008,0.11018,,,
672.0237201,0.09432,,,
672.0720693,0.11274,,,
672.5862123,0.09042,,,
673.1167976,0.0789,,,
673.6431456,0.11844,,,
674.1721613,0.15508,,,
674.7004268,0.12808,,,
675.2245437,0.11046,,,
675.7513877,0.06662,,,
675.9803865,0.06952,,,
676.4721398,0.03762,,,
676.9974219,-0.02252,,,
677.5186819,-0.01038,,,
678.0427583,-0.00206,,,
678.5662669,-0.0339,,,
679.0858385,-0.0416,,,
679.6082893,0.00266,,,
680.1268589,0.0241,,,
680.5637237,0.07248,,,
680.5908056,0.06434,,,
681.0138056,0.12326,,,
681.2539437,0.11948,,,
681.6765089,0.04832,,,
682.0988138,-0.01042,,,
682.5208717,-0.0159,,,
682.9426958,-0.07642,,,
683.1754475,-0.10124,,,
683.6003061,-0.07934,,,
684.0215922,-0.08356,,,
684.4426918,-0.07294,,,
684.8636181,-0.08834,,,
685.2843844,-0.12546,,,
685.7150971,-0.16672,,,
686.1355801,-0.17568,,,
686.5593056,-0.19398,,,
686.9795612,-0.18424,,,
687.3997235,-0.19886,,,
687.8198059,-0.1759,,,
688.2398214,-0.1314,,,
688.9856457,-0.1329,,,
690.1445368,-0.13996,,,
690.6819939,-0.12658,,,
691.2194897,-0.14108,,,
691.7570521,-0.12204,,,
692.2947089,-0.11924,,,
692.8324879,-0.11722,,,
693.3704169,-0.1045,,,
693.9085237,-0.10344,,,
694.3223317,-0.09926,,,
697.4496086,-0.0341,,,
697.8447034,0.0501,,,
698.2704347,0.11984,,,
698.6964331,0.17734,,,
699.1193277,0.12746,,,
699.5458986,0.13332,,,
699.7355836,0.1251,,,
700.1354812,0.11778,,,
700.5594142,0.14068,,,
700.9870772,0.1908,,,
701.4116954,0.1889,,,
701.8400761,0.20052,,,
701.9897583,0.19466,,,
702.3641707,0.19502,,,
702.7934155,0.21452,,,
703.1275559,0.21564,,,
703.5268129,0.20554,,,
703.9435309,0.15232,,,
704.3743518,0.12676,,,
704.8022088,0.11596,,,
705.2339609,0.06992,,,
705.6662007,0.0133,,,
705.8996804,0.02214,,,
705.968379,-0.02992,,,
706.4840325,-0.08402,,,
707.0004329,-0.059,,,
708.1634545,-0.03272,,,
723.6588561,0.02084,,,
723.9756229,0.03572,,,
724.1305018,0.07036,,,
724.4701739,0.09218,,,
724.8104178,0.13042,,,
725.1512389,0.15812,,,
725.4963566,0.21456,,,
725.8383544,0.23674,,,
726.2704151,0.24442,,,
726.6137614,0.24006,,,
727.0026208,0.20806,,,
727.2610446,0.22594,,,
727.6099026,0.22792,,,
727.9556331,0.2276,,,
728.3019893,0.22214,,,
728.3999867,0.22296,,,
728.7584845,0.20452,,,
729.1025254,0.19688,,,
729.458569,0.19024,,,
729.8000962,0.18812,,,
730.1308337,0.17344,,,
730.5040944,0.17684,,,
730.8513684,0.18274,,,
731.1151224,0.18492,,,
734.1935941,0.18802,,,
734.6416143,0.18692,,,
735.090769,0.15774,,,
735.5410683,0.0958,,,
735.9925228,0.0363,,,
736.4451425,0.0211,,,
736.898938,0.01856,,,
737.5322809,-0.01658,,,
738.375044,0.03898,,,
738.8299372,0.04852,,,
739.290045,0.04882,,,
739.7513929,0.00842,,,
739.7795152,0.00564,,,
740.2502474,-0.0011,,,
740.7182454,-0.01536,,,
741.1794351,-0.05448,,,
741.645947,-0.04852,,,
742.5869434,-0.05228,,,
742.9795606,-0.11262,,,
746.6640923,-0.12292,,,
748.2836969,-0.1083,,,
748.6137731,-0.12782,,,
749.2759208,-0.133,,,
749.9407502,-0.1299,,,
750.6082872,-0.13144,,,
751.2785574,-0.16894,,,
751.9515868,-0.15512,,,
752.627401,-0.16064,,,
753.5459595,-0.16978,,,
754.0925807,-0.1654,,,
754.6058851,-0.17326,,,
754.7905436,-0.1886,,,
755.2751679,-0.1844,,,
755.7966467,-0.14412,,,
756.3153614,-0.1112,,,
756.8357352,-0.09556,,,
757.362248,-0.09092,,,
757.885987,-0.07884,,,
758.4159159,-0.11184,,,
758.943064,-0.13246,,,
759.4764533,-0.13068,,,
764.8431478,-0.06984,,,
778.9423002,-0.07462,,,
779.5087054,-0.07288,,,
780.0770113,-0.07646,,,
780.652373,-0.08404,,,
781.2245257,-0.13886,,,
781.8348752,-0.13584,,,
782.3798245,-0.12826,,,
783.3755866,-0.13096,,,
783.9569434,-0.12836,,,
784.5455371,-0.13756,,,
785.1308663,-0.13962,,,
785.7181869,-0.1421,,,
786.2011758,-0.13782,,,
786.7974772,-0.13534,,,
787.390481,-0.1385,,,
787.9855117,-0.1392,,,
788.5879668,-0.1409,,,
789.7882831,-0.15062,,,
790.1087275,-0.1518,,,
790.9849306,-0.15156,,,
791.8723262,-0.15658,,,
792.7706941,-0.16242,,,
793.6798143,-0.1686,,,
794.5994667,-0.18384,,,
795.5294314,-0.19784,,,
796.4694883,-0.22532,,,
797.1810215,-0.24248,,,
798.1382102,-0.24536,,,
799.1048859,-0.24,,,
800.0808287,-0.23278,,,
801.0658184,-0.14944,,,
802.059635,-0.14356,,,
803.0620585,-0.119,,,
804.0728688,-0.1124,,,
804.759796,-0.10296,,,
804.9512604,-0.16842,,,
805.264588,-0.15718,,,
806.0801193,-0.18314,,,
806.9005239,-0.19134,,,
807.7322079,-0.1949,,,
808.5620653,-0.1805,,,
809.3964649,-0.18996,,,
810.2352969,-0.19264,,,
811.0784512,-0.18378,,,
811.9258176,-0.18166,,,
812.7235314,-0.18514,,,
813.5787438,-0.1775,,,
814.4378453,-0.17374,,,
815.0353512,-0.18132,,,
815.9007856,-0.1835,,,
816.7698127,-0.17918,,,
817.6423223,-0.17258,,,
818.9539148,-0.15784,,,
819.8346372,-0.13016,,,
820.7184575,-0.11148,,,
821.6962055,-0.10058,,,
821.7661797,-0.08816,,,
822.8881399,-0.07552,,,
824.0144161,-0.08404,,,
825.1447883,-0.08192,,,
826.1370509,-0.08304,,,
827.27451,-0.08802,,,
828.4154324,0.0182,,,
829.559598,0.11188,,,
833.0814711,0.23622,,,
835.90065,0.30472,,,
836.9879919,0.3482,,,
837.1838687,0.28998,,,
839.6612139,0.2808,,,
839.9958309,0.1515,,,
840.8691353,0.1188,,,
841.7429304,0.10928,,,
842.6244096,0.05474,,,
843.4989097,0.03366,,,
844.3736212,0.05934,,,
844.6725128,0.0563,,,
845.5473622,0.07,,,
846.4222055,0.071,,,
847.304239,0.01078,,,
848.754386,0.0264,,,
849.6284133,0.0508,,,
850.5020014,0.0465,,,
851.3750575,0.11782,,,
851.4696027,0.17922,,,
852.3419607,0.13762,,,
853.2135909,0.07942,,,
854.0844006,0.10848,,,
854.845613,0.10792,,,
855.7218713,0.05154,,,
856.5897954,0.08932,,,
857.7812435,0.13108,,,
864.940493,0.1001,,,
865.8546419,0.13946,,,
866.7733259,0.17806,,,
867.6822952,0.17602,,,
868.5955252,0.1691,,,
869.2120649,0.16118,,,
870.1203412,0.09182,,,
871.0185549,0.06688,,,
871.6364061,0.02976,,,
872.3080263,-0.00754,,,
873.0397969,-0.00728,,,
873.7074019,-0.04658,,,
873.920342,-0.05012,,,
874.8110623,-0.04842,,,
875.3914479,-0.02512,,,
875.4528058,-0.04208,,,
875.8885992,-0.0208,,,
876.8386063,0.00474,,,
877.7839754,-0.0005,,,
878.7245592,0.002,,,
879.6602102,-0.01832,,,
880.5907811,0.02112,,,
881.5161245,-0.02226,,,
882.4360928,-0.0214,,,
883.3505387,-0.05544,,,
883.4742084,-0.05502,,,
884.4403767,-0.08028,,,
885.2329697,-0.08356,,,
886.1294891,-0.04036,,,
887.0198848,-0.03596,,,
887.9040095,-0.01658,,,
888.7817158,-0.0621,,,
889.6528561,-0.05606,,,
890.3818953,-0.09044,,,
891.1855589,-0.08916,,,
891.5942399,-0.10352,,,
891.6490147,-0.09598,,,
892.0437428,-0.09572,,,
892.870661,-0.10526,,,
893.6906192,-0.11388,,,
894.497572,-0.12212,,,
895.303249,-0.13262,,,
896.0957526,-0.14678,,,
896.8866,-0.14982,,,
897.6697986,-0.13864,,,
898.4395791,-0.12816,,,
899.6294479,-0.1207,,,
905.5502176,-0.11006,,,
905.600404,-0.10108,,,
906.3966266,-0.0953,,,
907.1751189,-0.09478,,,
907.9454541,-0.09886,,,
908.6977861,-0.0994,,,
909.4413593,-0.10668,,,
910.1711801,-0.12152,,,
910.8825983,-0.1295,,,
911.5843437,-0.1257,,,
911.9641749,-0.10572,,,
912.5130175,-0.06016,,,
913.180455,-0.0488,,,
913.8329629,-0.04774,,,
914.4663852,-0.04152,,,
915.0885124,-0.06922,,,
915.6939894,-0.09402,,,
916.2922788,-0.10904,,,
916.4328002,-0.1125,,,
916.4623082,-0.11496,,,
916.9490898,-0.10672,,,
917.4253186,-0.1131,,,
917.8984642,-0.09414,,,
918.3616633,-0.03776,,,
918.822188,-0.04406,,,
919.2733647,0.02642,,,
919.7222833,0.02528,,,
919.9830107,0.0802,,,
920.4234141,0.10844,,,
920.8555253,0.11254,,,
921.2861456,0.04372,,,
921.709051,0.0374,,,
922.1309032,-0.02456,,,
922.5080665,-0.11858,,,
922.7920162,-0.12426,,,
923.2040003,-0.14498,,,
923.6095669,-0.1598,,,
924.0151153,-0.15718,,,
924.4147982,-0.15926,,,
924.6617837,-0.14358,,,
924.6828241,-0.10778,,,
924.8419147,-0.11014,,,
925.2007832,-0.13124,,,
925.5549803,-0.12914,,,
925.9106453,-0.15484,,,
926.2620349,-0.1837,,,
926.6152414,-0.18222,,,
926.9645622,-0.1727,,,
927.3892033,-0.16994,,,
927.7370975,-0.1674,,,
928.0875629,-0.17388,,,
928.4349428,-0.17998,,,
928.7852621,-0.19748,,,
929.0189119,-0.19134,,,
929.3696813,-0.20394,,,
929.7209711,-0.20356,,,
930.0729691,-0.19308,,,
930.4258631,-0.18048,,,
930.7798409,-0.192,,,
931.1350902,-0.18032,,,
931.4917987,-0.15616,,,
931.8501544,-0.16206,,,
932.0299905,-0.16876,,,
932.0599583,-0.17614,,,
932.536367,-0.1874,,,
933.0070434,-0.21018,,,
933.3997793,-0.21726,,,
933.8601051,-0.2182,,,
934.3149352,-0.1861,,,
934.764353,-0.18286,,,
937.2267634,-0.17542,,,
938.8870899,-0.16692,,,
939.2045723,-0.17118,,,
939.5167598,-0.20768,,,
939.8286109,-0.1993,,,
940.1376991,-0.19888,,,
940.441684,-0.18564,,,
940.7453949,-0.1564,,,
941.0464705,-0.11844,,,
941.2146833,-0.10766,,,
941.4909235,-0.09624,,,
941.7856165,-0.04736,,,
942.0778228,0.02742,,,
942.2546848,0.09072,,,
942.4801188,0.17508,,,
942.7665532,0.2472,,,
942.9643316,0.2008,,,
942.9776246,0.1734,,,
943.2072335,0.16706,,,
943.4637487,0.08494,,,
943.7249,0.0224,,,
943.9991826,0.01944,,,
944.2905516,-0.02284,,,
944.3204095,-0.0888,,,
944.6006957,-0.08982,,,
944.6218396,-0.08616,,,
944.9584481,-0.083,,,
945.2504086,-0.0395,,,
945.5812132,0.03938,,,
945.9090421,0.04074,,,
946.2339785,0.04814,,,
946.4014274,0.04898,,,
946.72213,0.00158,,,
947.0401496,-0.07416,,,
947.3555696,-0.07592,,,
947.668473,-0.10068,,,
947.9402647,-0.07674,,,
948.248674,-0.0752,,,
948.5548062,-0.04478,,,
948.8398108,-0.03434,,,
949.1417676,-0.01582,,,
949.243215,-0.0329,,,
949.5648375,-0.01982,,,
949.8361018,-0.0527,,,
950.313589,-0.05104,,,
950.5789352,-0.06628,,,
950.7065506,-0.07576,,,
950.971747,-0.0982,,,
951.2338768,-0.09952,,,
951.4948227,-0.1238,,,
951.7564349,-0.13906,,,
952.0151919,-0.14404,,,
952.1112983,-0.15658,,,
952.3687019,-0.17388,,,
952.6269589,-0.16526,,,
952.8825936,-0.15504,,,
953.3933103,-0.15558,,,
953.6485074,-0.10236,,,
953.8891593,-0.09146,,,
954.0266991,-0.08906,,,
954.0440982,-0.08752,,,
954.3221715,-0.08516,,,
954.5997135,-0.03972,,,
954.8768075,0.04782,,,
955.1535366,0.0735,,,
955.4299841,0.09118,,,
955.7062332,0.14648,,,
955.9823671,0.07758,,,
956.258469,0.01826,,,
956.4569441,0.01318,,,
958.3679871,0.07974,,,
958.5808649,0.111,,,
960.5978257,0.14872,,,
960.8169926,0.21802,,,
961.0369764,0.29,,,
961.2560002,0.29598,,,
961.477721,0.30974,,,
961.7003691,0.35506,,,
961.9239814,0.35582,,,
962.1467494,0.36616,,,
962.3019964,0.3634,,,
962.5283749,0.36158,,,
962.6065611,0.34172,,,
962.8475355,0.33892,,,
962.903759,0.37402,,,
963.1670722,0.31842,,,
963.4699447,0.24222,,,
963.7749696,0.18186,,,
964.0822302,0.11558,,,
964.3918096,0.0005,,,
964.7037911,-0.00734,,,
964.9039713,-0.01118,,,
967.9205954,-0.01652,,,
968.0339675,-0.01994,,,
968.3028079,-0.02054,,,
968.5737218,-0.02938,,,
968.8467486,-0.03538,,,
969.1219282,-0.0365,,,
969.3970725,-0.03056,,,
969.6766586,-0.03072,,,
969.9585162,-0.02154,,,
970.2426849,0.0657,,,
970.5292044,0.0769,,,
970.6444793,0.10236,,,
970.9343566,0.1042,,,
971.22668,0.134,,,
971.5214891,0.04166,,,
971.8164348,0.05476,,,
972.1163138,0.01568,,,
972.4187972,0.00942,,,
972.7239247,-0.03734,,,
973.031736,-0.03346,,,
973.3397757,-0.0146,,,
973.60274,-0.0042,,,
973.6278867,-0.02242,,,
974.0326851,-0.0414,,,
974.4421532,-0.03356,,,
974.8563743,-0.10946,,,
975.1912291,-0.15098,,,
984.3897914,-0.16878,,,
984.9178361,-0.1696,,,
985.4489155,-0.20406,,,
985.9864301,-0.18682,,,
986.5339447,-0.07338,,,
987.084622,0.0344,,,
987.6283884,0.06016,,,
988.1940054,0.06734,,,
988.8371005,0.06322,,,
988.8997163,-0.04348,,,
989.4000393,-0.13504,,,
989.8643634,-0.15032,,,
990.3711868,-0.14596,,,
990.8793379,-0.1503,,,
991.3924974,-0.14116,,,
991.910583,-0.14008,,,
992.4335123,-0.13516,,,
992.9651886,-0.1334,,,
993.4975936,-0.12166,,,
993.8443075,-0.04492,,,
994.3883135,-0.04988,,,
994.932737,-0.06048,,,
995.4815383,-0.08652,,,
996.0346352,-0.10722,,,
996.5919454,-0.2015,,,
997.1576233,-0.21312,,,
997.7231433,-0.23016,,,
998.2582637,-0.19354,,,
998.3184123,-0.19268,,,
998.8919548,-0.1886,,,
998.9265755,-0.18296,,,
999.4954283,-0.17132,,,
1000.045967,-0.1764,,,
1000.62181,-0.1658,,,
1001.196664,-0.167,,,
1001.752538,-0.11174,,,
1002.333826,-0.09964,,,
1002.922788,-0.03286,,,
1003.510356,-0.03142,,,
1004.10549,-0.02018,,,
1004.753961,-0.05158,,,
1005.240253,-0.04574,,,
1005.843794,-0.11222,,,
1006.445448,-0.10092,,,
1007.054394,-0.04842,,,
1007.661259,-0.04746,,,
1008.275299,-0.002,,,
1008.891779,0.04914,,,
1009.505886,0.10408,,,
1010.126991,0.11656,,,
1010.359884,0.16574,,,
1010.888574,0.17598,,,
1011.390081,0.18614,,,
1011.868928,0.18716,,,
1012.435453,0.18884,,,
1013.008351,0.18658,,,
1013.577936,0.1755,,,
1014.153804,0.16196,,,
1015.158831,0.15712,,,
1015.738402,0.10424,,,
1016.319214,0.04404,,,
1016.896314,0.04286,,,
1017.479423,0.04404,,,
1018.058683,0.051,,,
1021.671952,0.08236,,,
1022.222333,0.14942,,,
1022.480348,0.11858,,,
1022.559759,0.11066,,,
1023.135781,0.10534,,,
1023.438883,0.12646,,,
1024.015605,0.0702,,,
1024.632531,0.11068,,,
1025.254815,0.07906,,,
1025.872434,0.0516,,,
1026.490297,0.00608,,,
1026.988707,0.00902,,,
1027.571947,-0.05336,,,
1028.19014,-0.07436,,,
1028.808328,-0.11874,,,
1029.426444,-0.14364,,,
1030.044422,-0.17092,,,
1030.637288,-0.16458,,,
1031.180118,-0.15848,,,
1031.797338,-0.14306,,,
1032.414164,-0.13436,,,
1033.030529,-0.12388,,,
1033.621544,-0.13168,,,
1034.157457,-0.12398,,,
1034.638367,-0.14388,,,
1034.920766,-0.16004,,,
1035.029721,-0.15644,,,
1035.475197,-0.14406,,,
1036.582068,-0.14494,,,
1037.154122,-0.12428,,,
1037.725322,-0.09312,,,
1038.290701,-0.08988,,,
1038.703078,-0.09138,,,
1039.203113,-0.09002,,,
1039.765903,-0.08596,,,
1040.332486,-0.09028,,,
1040.89791,-0.07832,,,
1041.457261,-0.07902,,,
1041.879598,-0.06884,,,
1042.40769,-0.04982,,,
1042.963549,-0.05038,,,
1043.522833,-0.06474,,,
1044.080648,-0.0524,,,
1044.684823,-0.05808,,,
1045.186878,-0.08104,,,
1045.739973,-0.0763,,,
1045.854198,-0.04918,,,
1047.06325,0.00434,,,
1047.101042,0.08838,,,
1047.709228,0.21872,,,
1048.310398,0.2682,,,
1050.699907,0.32988,,,
1051.288473,0.29324,,,
1051.924521,0.29572,,,
1052.507302,0.24708,,,
1053.091715,0.22416,,,
1053.668626,0.16364,,,
1054.246975,0.17194,,,
1054.81772,0.10608,,,
1054.902171,0.103,,,
1055.469256,0.10044,,,
1056.037468,0.10186,,,
1056.597923,0.0895,,,
1057.159304,0.15338,,,
1057.712832,0.11286,,,
1058.36124,0.12928,,,
1059.267226,0.13766,,,
1059.739448,0.15346,,,
1060.204559,0.06574,,,
1060.670889,0.06536,,,
1061.130065,0.01182,,,
1061.590309,0.00274,,,
1061.945663,-0.02916,,,
1062.339607,-0.02318,,,
1062.791472,-0.03826,,,
1063.224112,0.07082,,,
1063.665565,0.05966,,,
1064.107654,0.06528,,,
1064.542435,0.06848,,,
1064.977695,0.06004,,,
1067.77048,0.05,,,
1068.268176,0.0512,,,
1068.340348,0.16074,,,
1068.948761,0.1531,,,
1069.355156,0.16852,,,
1069.753831,0.07292,,,
1070.148376,0.05568,,,
1070.543095,-0.07224,,,
1070.931384,-0.0766,,,
1071.316712,-0.1035,,,
1071.679049,-0.00416,,,
1072.012213,0.01146,,,
1072.389304,0.01772,,,
1072.766792,0.01698,,,
1073.138138,0.01798,,,
1073.506658,-0.08128,,,
1073.875572,-0.09186,,,
1074.238488,-0.09442,,,
1074.466277,-0.00426,,,
1074.733788,0.05554,,,
1075.093308,0.15056,,,
1075.44699,0.26804,,,
1075.801063,0.26912,,,
1076.149394,0.18442,,,
1076.173739,0.1248,,,
1076.498116,0.02994,,,
1076.615775,-0.03644,,,
1076.993832,-0.03504,,,
1077.454595,-0.03698,,,
1077.91359,0.04738,,,
1078.36499,0.0465,,,
1078.636509,-0.02242,,,
1078.997842,-0.02194,,,
1079.469354,0.06154,,,
1079.877055,-0.0168,,,
1080.308638,-0.01556,,,
1080.738646,-0.00774,,,
1081.161623,-0.02278,,,
1081.5804,-0.1052,,,
1081.957752,-0.1197,,,
1082.15974,-0.12182,,,
1082.186245,-0.1191,,,
1082.592295,-0.1096,,,
1082.996995,-0.12054,,,
1083.397756,-0.11892,,,
1083.792088,-0.12096,,,
1084.18517,-0.11994,,,
1084.574487,-0.11392,,,
1084.957623,-0.11086,,,
1085.339611,-0.1059,,,
1085.449836,-0.02184,,,
1085.824781,-0.0153,,,
1086.198659,-0.00046,,,
1086.569081,0.1734,,,
1086.933751,0.16912,,,
1087.297461,0.18766,,,
1087.657891,0.19498,,,
1088.012807,0.2631,,,
1088.300867,0.09362,,,
1088.394156,0.09108,,,
1088.616262,-0.02028,,,
1088.909005,-0.04964,,,
1089.201857,-0.14944,,,
1089.49038,-0.1758,,,
1089.779048,-0.19152,,,
1090.06349,-0.19718,,,
1090.137555,-0.1909,,,
1090.421665,-0.18834,,,
1090.701662,-0.16312,,,
1090.981888,-0.14376,,,
1091.258101,-0.13044,,,
1091.534584,-0.11108,,,
1091.807152,-0.0888,,,
1092.082109,-0.05898,,,
1092.495327,0.0128,,,
1093.128025,0.01534,,,
1093.430889,0.01924,,,
1093.511301,0.00446,,,
1093.631647,0.05758,,,
1093.661682,0.06762,,,
1093.789606,0.16526,,,
1094.032454,0.20802,,,
1094.289799,0.25918,,,
1094.545707,0.22826,,,
1094.800211,0.14466,,,
1095.051404,0.03688,,,
1095.303214,0.05638,,,
1095.553725,0.07456,,,
1095.802971,0.06164,,,
1096.049082,0.15568,,,
1096.127055,0.24718,,,
1096.373512,0.26728,,,
1096.611287,0.307,,,
1096.853635,0.35304,,,
1097.096784,0.30084,,,
1097.301704,0.20678,,,
1097.437293,0.19344,,,
1097.639162,0.11582,,,
1097.879032,0.10406,,,
1098.117966,0.0745,,,
1098.158311,0.16554,,,
1098.398021,0.08224,,,
1098.423586,0.11498,,,
1098.604089,0.11448,,,
1098.916553,0.17372,,,
1099.137347,0.17768,,,
1099.355675,0.25792,,,
1099.575176,0.21546,,,
1099.794071,0.22024,,,
1100.012389,0.17436,,,
1100.230157,0.1295,,,
1100.447405,0.11094,,,
1100.664161,0.15236,,,
1100.761726,0.13456,,,
1100.951274,0.18204,,,
1101.166996,0.23458,,,
1101.380558,0.2176,,,
1101.576151,0.21368,,,
1101.750359,0.19898,,,
1101.857594,0.13164,,,
1102.071838,0.09106,,,
1102.284054,0.05802,,,
1102.613303,0.05376,,,
1102.845931,0.08038,,,
1102.863413,0.07896,,,
1103.116782,0.03258,,,
1103.378686,0.02776,,,
1103.657883,-0.03458,,,
1103.93697,-0.1197,,,
1104.216012,-0.12108,,,
1104.495073,-0.13008,,,
1104.819591,-0.15648,,,
1105.098914,-0.15126,,,
1105.378461,-0.13762,,,
1105.658295,-0.06192,,,
1105.938481,0.00728,,,
1106.096265,0.09508,,,
1107.345179,0.09734,,,
1107.486907,0.1764,,,
1107.646581,0.19898,,,
1107.861659,0.21794,,,
1108.037994,0.24288,,,
1108.184309,0.2363,,,
1108.370231,0.1502,,,
1108.556563,0.04144,,,
1108.743322,-0.05748,,,
1108.930527,-0.1681,,,
1109.116389,-0.17084,,,
1109.304533,-0.17788,,,
1109.493176,-0.1765,,,
1109.682336,-0.165,,,
1109.872029,-0.15278,,,
1109.957935,-0.14786,,,
1110.148435,-0.13106,,,
1110.339512,-0.12068,,,
1110.531184,-0.03486,,,
1110.723468,0.04664,,,
1110.916383,0.0522,,,
1111.108082,0.12516,,,
1111.302305,0.1611,,,
1111.49721,0.1621,,,
1111.770128,0.25766,,,
1114.230072,0.3258,,,
1114.50485,0.35376,,,
1114.781329,0.41346,,,
1115.059549,0.41048,,,
1115.339552,0.29176,,,
1115.623429,0.30514,,,
1115.907136,0.211,,,
1116.192751,0.1612,,,
1116.480315,0.09492,,,
1116.738299,0.04536,,,
1116.816217,-0.03124,,,
1117.393573,-0.0458,,,
1117.715471,-0.0881,,,
1118.037755,-0.0992,,,
1118.694515,-0.10066,,,
1119.026944,-0.11024,,,
1119.265766,-0.10668,,,
1119.602973,-0.10844,,,
1119.94304,-0.1113,,,
1120.283851,-0.13162,,,
1120.619223,-0.12354,,,
1120.953628,-0.12238,,,
1121.284857,-0.12412,,,
1121.612966,-0.11804,,,
1121.935852,-0.09556,,,
1122.230112,-0.09906,,,
1122.326225,-0.09834,,,
1122.55582,-0.10462,,,
1122.859607,-0.03938,,,
1123.160766,-0.05144,,,
1123.459344,0.0227,,,
1123.755392,0.13954,,,
1124.048957,0.19326,,,
1124.340088,0.16782,,,
1124.628833,0.25412,,,
1124.867667,0.22046,,,
1125.152165,0.15688,,,
1125.434415,0.17066,,,
1125.714465,0.1285,,,
1125.992365,0.04886,,,
1126.268163,0.00206,,,
1126.541906,-0.07058,,,
1126.813645,-0.14812,,,
1127.239916,-0.17084,,,
1127.477149,-0.1897,,,
1127.729455,-0.2039,,,
1127.980141,-0.19492,,,
1128.227435,-0.1211,,,
1128.475017,-0.10622,,,
1128.719312,-0.04858,,,
1128.963956,0.04464,,,
1129.426156,0.15624,,,
1129.665062,0.20536,,,
1129.904438,0.29508,,,
1130.120022,0.32892,,,
1130.32598,0.34744,,,
1130.561995,0.32474,,,
1130.796878,0.28864,,,
1131.015343,0.2782,,,
1131.246457,0.24378,,,
1131.478265,0.16066,,,
1131.618229,0.0793,,,
1133.340756,0.00034,,,
1133.524325,-0.08646,,,
1133.718933,-0.145,,,
1133.913122,-0.16674,,,
1134.106918,-0.18172,,,
1134.30035,-0.18482,,,
1134.491823,-0.16734,,,
1134.673278,-0.07562,,,
1134.907827,0.016,,,
1134.941764,0.10722,,,
1135.103266,0.19888,,,
1135.287187,0.31828,,,
1135.470928,0.25126,,,
1135.66578,0.16514,,,
1136.030954,0.08906,,,
1136.214209,0.04774,,,
1136.397406,-0.03784,,,
1136.490596,-0.03742,,,
1136.662503,0.0453,,,
1136.795851,0.04508,,,
1136.942063,0.01034,,,
1137.094726,-0.02944,,,
1137.277976,-0.00148,,,
1137.406619,-0.07944,,,
1137.590022,-0.07648,,,
1137.612553,-0.08332,,,
1137.789651,0.04902,,,
1137.962052,0.13146,,,
1138.134604,0.231,,,
1138.318631,0.36942,,,
1138.50126,0.4163,,,
1138.685745,0.32298,,,
1138.935388,0.21522,,,
1138.984081,0.12504,,,
1139.211602,-0.01636,,,
1139.472246,0.0197,,,
1139.733614,0.0146,,,
1139.995774,-0.0017,,,
1140.258792,-0.01924,,,
1140.522734,-0.03274,,,
1140.787668,-0.12558,,,
1141.182065,-0.16956,,,
1141.41622,-0.17208,,,
1141.684968,-0.16884,,,
1141.954998,-0.16312,,,
1142.226375,-0.1555,,,
1142.499168,-0.03864,,,
1142.773442,0.00768,,,
1147.951532,0.03186,,,
1148.112266,0.08064,,,
1149.003471,0.18244,,,
1153.234622,0.16252,,,
1153.559061,0.13312,,,
1153.884201,0.10644,,,
1154.214702,0.0512,,,
1154.545953,-0.06928,,,
1154.8827,-0.17118,,,
1155.229867,-0.18764,,,
1155.570709,-0.1895,,,
1155.917255,-0.1916,,,
1156.264669,-0.18328,,,
1156.617926,-0.17534,,,
1156.972096,-0.15486,,,
1157.3297,-0.14694,,,
1157.711378,-0.13776,,,
1157.731981,-0.11996,,,
1158.07879,-0.11244,,,
1158.428826,-0.11736,,,
1158.779482,-0.09984,,,
1159.136067,-0.09024,,,
1159.495998,-0.04304,,,
1159.85659,-0.00508,,,
1160.223303,0.00342,,,
1160.593479,0.05502,,,
1160.967157,0.1482,,,
1161.017621,0.1931,,,
1161.395318,0.23408,,,
1161.773741,0.3104,,,
1162.158621,0.32638,,,
1162.547163,0.31712,,,
1162.936466,0.30532,,,
1163.332424,0.2715,,,
1163.732162,0.22058,,,
1164.132694,0.1953,,,
1164.540081,0.15394,,,
1164.745234,0.09642,,,
1164.772866,0.0502,,,
1165.242226,0.08972,,,
1166.189959,0.10928,,,
1166.671516,0.15076,,,
1167.161515,0.16914,,,
1167.653566,0.21,,,
1168.150931,0.18614,,,
1168.653666,0.17374,,,
1168.767611,0.1833,,,
1169.280393,0.21354,,,
1169.795315,0.23426,,,
1170.315787,0.25922,,,
1170.841866,0.27242,,,
1171.373609,0.24232,,,
1171.914649,0.23956,,,
1172.457923,0.26106,,,
1172.988753,0.28702,,,
1173.142475,0.21808,,,
1173.26725,0.16026,,,
1173.647079,0.10736,,,
1174.156582,0.02064,,,
1174.667254,-0.07126,,,
1175.186645,-0.00834,,,
1175.71106,0.00146,,,
1176.240543,-0.00468,,,
1176.771212,0.0066,,,
1177.310915,-0.00402,,,
1179.930584,-0.0699,,,
1180.500561,-0.08048,,,
1181.075969,-0.08592,,,
1181.65259,-0.0877,,,
1182.238945,-0.08032,,,
1182.830856,-0.07278,,,
1183.19218,-0.07344,,,
1183.735836,-0.07004,,,
1184.284131,-0.0635,,,
1184.841572,-0.0678,,,
1185.399273,-0.01336,,,
1185.961705,0.06222,,,
1186.533492,0.17208,,,
1187.360781,0.24052,,,
1187.439874,0.29316,,,
1188.52365,0.27418,,,
1189.117187,0.3432,,,
1189.710927,0.36088,,,
1190.310448,0.4082,,,
1190.925224,0.49434,,,
1191.682385,0.57454,,,
1192.295093,0.54842,,,
1193.601586,0.51148,,,
1194.242551,0.45948,,,
1194.892134,0.41,,,
1195.220074,0.36994,,,
1195.302381,0.33358,,,
1195.965398,0.3246,,,
1196.70385,0.35864,,,
1197.093552,0.37852,,,
1198.340766,0.42068,,,
1199.013916,0.42148,,,
1199.124778,0.35522,,,
1201.171875,0.26366,,,
1202.627155,0.17498,,,
1203.353863,0.06486,,,
1204.091764,-0.00928,,,
1204.834504,-0.01168,,,
1205.681789,-0.00902,,,
1206.339715,-0.01078,,,
1207.095401,0.0548,,,
1207.861199,0.14764,,,
1208.624182,0.24514,,,
1209.390394,0.27376,,,
1210.371576,0.30872,,,
1211.402198,0.28112,,,
1212.436847,0.22368,,,
1213.604851,0.15486,,,
1214.515688,0.1865,,,
1215.558612,0.26202,,,
1215.85223,0.2959,,,
1216.896949,0.34672,,,
1217.942346,0.37642,,,
1219.118438,0.31272,,,
