age,lake,lakenorm,char,charnorm,Poa,Poanorm,Podo,Podonorm,Miombo,Miombonorm,Olea,Oleanorm,rich,richnorm,Age
21.35994485,0.156819806,0.779804573,0.777463802,0.443979097,38.3,0.219791712,11.1,0.228395351,0.7,0.297014912,3.9,0.527381263,2.167409356,0.139197751,<85 ka
31.83705116,0.150649007,0.77001117,0.67232828,0.401676881,36.7,0.194895997,6.73,0.14272895,0,0.148747214,14.5,0.99980712,2.362528442,0.167739673,<85 ka
33.10475573,0.14124137,0.754622277,0.622550436,0.382012175,38.14,0.217222893,8.31,0.170803273,1.71,0.579706829,5.5,0.723782426,2.353820497,0.166390669,<85 ka
34.13537178,0.130182059,0.73584663,0.620898564,0.381364487,42.4,0.291259568,9.31,0.190282829,1.96,0.64908954,6.1,0.785571766,2.134453486,0.134724319,<85 ka
35.62400869,0.151639356,0.771599141,0.66172962,0.397467109,41.33,0.27160852,9.08,0.185685825,0.16,0.177347558,3.9,0.527381263,2.555914845,0.199498571,<85 ka
36.07639015,0.159880836,0.784572466,0.677811064,0.403859154,46.17,0.365240933,7.92,0.163565078,1.58,0.542466323,4.6,0.617363134,2.349312371,0.165695046,<85 ka
37.56439083,0.16255787,0.788692715,0.721113348,0.421194429,34.19,0.159472239,9,0.184103155,2.57,0.795671824,6,0.775867541,2.349181783,0.165674924,<85 ka
38.47247713,0.151958847,0.772110111,0.738256176,0.428101689,36.16,0.186896719,7.34,0.153174566,1.13,0.412761539,4.7,0.629829516,2.546671289,0.197902761,<85 ka
41.33539299,0.198658224,0.839620815,0.770939383,0.441330031,40.33,0.253860162,10.38,0.212573546,0.94,0.359964312,6.2,0.795027138,2.122903051,0.133180069,<85 ka
44.22784162,0.186610101,0.823595352,0.79020105,0.44915783,40.05,0.249002002,8.75,0.179211654,0.8,0.322644203,5.1,0.678231246,2.358845643,0.16716829,<85 ka
45.95175774,0.165158319,0.792650538,0.795144468,0.451170119,43.81,0.318123052,7.85,0.162287311,2.11,0.688603425,6.8,0.846378482,2.349099458,0.16566224,<85 ka
46.79581345,0.166402121,0.794527976,0.799605421,0.452987092,33.56,0.151288218,5.7,0.126207289,1.34,0.472971577,6.2,0.795027138,2.340940359,0.164408206,<85 ka
49.14475421,0.177237803,0.810452523,0.842944039,0.470684716,37,0.199428648,15,0.324557814,1.33,0.47007914,4,0.540434245,2.356197113,0.166758149,<85 ka
51.59065801,0.197215377,0.837753419,1.145529266,0.593915258,41.44,0.273597903,5.96,0.130246314,0.99,0.373646737,5.3,0.701401889,2.572892904,0.202449769,<85 ka
56.17638258,0.178160913,0.811773133,1.048563053,0.554843703,40.09,0.249692983,5.26,0.119572535,0.93,0.357248582,5.5,0.723782426,1.933836845,0.109623755,<85 ka
74.11705981,0.155045355,0.777013187,1.716791573,0.795345761,41.83,0.280708738,10.69,0.219305857,3.05,0.880035235,11.9,0.996489229,2.58473708,0.204523946,<85 ka
77.59748976,0.173204509,0.80461586,1.871805858,0.837571769,22.63,0.051984314,26.76,0.661627644,0.97,0.36815352,9.3,0.967262637,2.354964479,0.16656749,<85 ka
78.47128035,0.214028169,0.858638653,2.209597967,0.908555205,24.38,0.062928254,32.76,0.805589245,1.97,0.651780669,6.9,0.854027229,1.936838986,0.109972773,<85 ka
79.44135646,0.144084189,0.759330052,2.502349015,0.948762776,28.19,0.092876791,29.16,0.724027536,0.72,0.302065953,7.9,0.916553254,1.929482528,0.109118953,<85 ka
80.23325716,0.149211298,0.767694923,2.766672372,0.971597142,38.02,0.215307711,13.09,0.275386967,2.22,0.716289018,5.4,0.712695274,2.555924653,0.199500268,<85 ka
80.9564461,0.035636265,0.551855479,2.969762088,0.982727802,57.73,0.612100127,3.09,0.090446137,1.03,0.384709493,6.3,0.804230109,2.550469801,0.198557602,<85 ka
82.31465713,0.034964159,0.550448472,3.208403289,0.990839758,56.57,0.587707214,5.45,0.122406729,1.44,0.501949181,6.6,0.830298564,2.153794923,0.13733762,<85 ka
82.87338774,-0.026249665,0.421879269,3.012857754,0.984535246,55.52,0.565328504,6.1,0.132457831,0.16,0.177347558,8.2,0.930666359,2.362130283,0.167677838,<85 ka
83.90876112,0.051381609,0.584593627,3.838271467,0.99868006,55.33,0.561254355,6.04,0.13150689,1.91,0.635523859,7.7,0.906009681,2.367166961,0.168461122,<85 ka
85.16931601,0.187174497,0.824367961,3.823309071,0.998611684,33.23,0.147114841,6.71,0.142394826,1.25,0.447009168,12.2,0.997399698,2.36137371,0.167560382,>85 ka
85.92573422,-0.061399778,0.350834818,5.97867472,0.999999905,44.63,0.334210451,2.44,0.082842227,1.22,0.438399723,19.5,0.999999896,2.148300724,0.136591781,>85 ka
86.25931603,-0.061689945,0.350265829,5.860750273,0.999999818,60.6,0.670403839,2.32,0.081492618,0.99,0.373646737,12.7,0.99845447,2.153248282,0.137263289,>85 ka
86.58256678,0.086456482,0.655142052,4.589154558,0.999921281,73.21,0.870227668,0.48,0.062820304,0.19,0.183073455,9.2,0.964787216,1.075310336,0.03920131,>85 ka
87.07112632,0.045496159,0.572412419,3.657363539,0.997604682,78.55,0.921927514,0.69,0.06476579,0.17,0.179243499,5.6,0.734655381,1.718648592,0.08663826,>85 ka
87.23731032,-0.018795094,0.437367877,3.788106292,0.998437869,73.63,0.874996251,0.83,0.066088557,0.66,0.287030542,3.8,0.514298806,1.509672127,0.067964388,>85 ka
87.5652489,0.088029702,0.658203307,3.775299845,0.998369867,87.54,0.971774494,0.16,0.05994369,0,0.148747214,2.7,0.372446285,1.076036464,0.039239433,>85 ka
87.91264191,-0.106249589,0.267507703,3.82236088,0.998607244,78.98,0.925287351,3.28,0.092763821,0,0.148747214,3.5,0.475015443,1.724345502,0.087196306,>85 ka
88.33068399,-0.230538736,0.100627758,2.731551669,0.969166661,79.38,0.928312658,2.13,0.079389745,0,0.148747214,4.6,0.617363134,1.708623619,0.085662743,>85 ka
88.70980704,-0.094653547,0.288076262,1.076047025,0.565989612,91.82,0.983843784,0.16,0.05994369,0.16,0.177347558,2.2,0.312216633,1.076385591,0.039257773,>85 ka
89.10464718,-0.197912808,0.13450208,3.57338973,0.996875547,88.73,0.975713259,0.33,0.061458773,0,0.148747214,3,0.410264842,1.50556464,0.067631273,>85 ka
89.61634231,-0.434103688,0.009260207,2.561903729,0.95488824,89.48,0.977950239,0.16,0.05994369,0,0.148747214,2.3,0.323929748,1.500366415,0.067211509,>85 ka
90.08245714,-0.399844718,0.014860771,0.79759761,0.452169174,85.39,0.963313209,4.49,0.108561382,0,0.148747214,1.5,0.235931524,1.708856754,0.085685335,>85 ka
92.13462159,-0.406315771,0.013621441,0.848457776,0.472941185,64.13,0.736694577,19.57,0.45376055,0,0.148747214,5.7,0.745306785,1.489209497,0.066317376,>85 ka
92.57474933,-0.376795149,0.020093279,0.751045013,0.43326913,77.33,0.911771516,6.67,0.141728166,0,0.148747214,2.7,0.372446285,1.91403347,0.107341403,>85 ka
93.30141098,-0.073558612,0.327293115,0.042769119,0.18500778,85.21,0.962519378,6.51,0.13908269,0,0.148747214,1.2,0.206687582,1.916087483,0.107576525,>85 ka
93.56319036,-0.118740446,0.246212364,-0.008292938,0.171321456,68.5483871,0.808861324,20.16129032,0.471170887,1.612903226,0.551940607,0,0.112748849,2.051199026,0.12386623,>85 ka
93.79239369,-0.21880104,0.112015601,0.037467924,0.183556075,63.88888889,0.732391812,30.55555556,0.757510322,0,0.148747214,0,0.112748849,0.83081368,0.027976965,>85 ka
94.24564897,-0.273176019,0.066345182,0.112254173,0.20468972,67.56756757,0.793981973,21.62162162,0.514336427,0.675675676,0.290924371,0.675675676,0.161049869,1.998422723,0.11730889,>85 ka
94.69339746,-0.683483951,0.000119149,-0.153993294,0.135929054,64.70588235,0.746826615,29.41176471,0.730231855,0,0.148747214,0,0.112748849,0.352956124,0.013649076,>85 ka
94.94950409,-0.643127792,0.000269093,-0.361901963,0.094657922,79.16666667,0.926711069,13.88888889,0.295505953,0,0.148747214,0,0.112748849,1.161692468,0.043952594,>85 ka
95.16325624,-0.600674067,0.0006053,-0.460269728,0.078715226,51.04166667,0.468400982,38.54166667,0.901546908,0,0.148747214,0,0.112748849,0.876357331,0.029836703,>85 ka
95.77625523,-0.346959273,0.029114867,0.019160564,0.1785975,49.11242604,0.426884992,34.02366864,0.83032401,0.295857988,0.204184219,2.071005917,0.297384625,3.243464802,0.338060121,>85 ka
96.05349646,-0.339708473,0.031755269,0.436272085,0.311441696,54.94880546,0.553061268,30.37542662,0.753315863,0.682593857,0.292650659,1.365187713,0.222516383,2.089499101,0.128782817,>85 ka
96.37773085,-0.488424464,0.00411534,0.840783355,0.469800719,40.82278481,0.262529587,35.12658228,0.850182812,0,0.148747214,1.898734177,0.278094968,2.601821819,0.207538037,>85 ka
96.66853276,-0.303270026,0.048175801,0.970173081,0.522844047,72.09302326,0.856938233,18.27242525,0.415909352,0.332225914,0.211758912,2.325581395,0.326954958,1.750169345,0.089759595,>85 ka
96.9909919,-0.042966825,0.387615708,0.828442786,0.464754828,33.67346939,0.152741238,40.81632653,0.927726008,0,0.148747214,8.503401361,0.942993116,3.321497279,0.355894435,>85 ka
97.33916196,-0.118007617,0.247436143,0.472151035,0.324601296,20.15355086,0.03914298,57.19769674,0.996247867,0.767754319,0.314279467,2.687140115,0.370849489,3.024386064,0.289997807,>85 ka
97.61690606,-0.173261995,0.164797197,0.138128948,0.21232596,15.58704453,0.02225256,56.27530364,0.995409092,0,0.148747214,3.846153846,0.520339631,3.515686906,0.401589437,>85 ka
98.0855747,-0.183221647,0.15206248,-0.328456174,0.100587652,41.64133739,0.277257724,20.97264438,0.495144148,0.607902736,0.274270079,1.823708207,0.269889235,3.492017739,0.395932977,>85 ka
98.75188642,-0.131166337,0.225964543,-0.659108628,0.052804216,29.65517241,0.106844084,39.65517241,0.915119609,2.75862069,0.832317835,3.793103448,0.513395838,4.557534469,0.653857054,>85 ka
99.11348015,-0.091716155,0.293402529,-0.654077234,0.053363875,28.85714286,0.09905946,38.57142857,0.901929225,1.714285714,0.580924343,4.571428571,0.613778213,6.092496077,0.910852505,>85 ka
99.49607524,0.014414268,0.507206464,-0.516147078,0.070614392,28.75,0.098046732,45.41666667,0.964080491,1.25,0.447009168,2.5,0.347876619,4.561048568,0.654659241,>85 ka
99.76912619,0.055405266,0.592875646,-0.364704632,0.094172981,27.85087719,0.089845584,49.12280702,0.981002776,0.657894737,0.286509482,5.921052632,0.768033254,4.930136342,0.734482317,>85 ka
100.0443528,0.057947982,0.598088315,-0.192835982,0.127405975,30.02364066,0.110583716,44.20803783,0.956415837,1.182033097,0.427546082,5.673758865,0.742533565,6.245829207,0.925200491,>85 ka
100.478527,0.056382783,0.594881596,0.063964707,0.190883059,23.8410596,0.059381662,49.66887417,0.982802095,0.662251656,0.287588331,4.635761589,0.621836055,6.728371962,0.959042672,>85 ka
101.0838918,0.019894277,0.518767163,0.334272931,0.275366094,29.83870968,0.108695263,42.94354839,0.947036787,0.403225806,0.227011577,6.653225806,0.834679774,6.457568507,0.942028602,>85 ka
104.8736966,0.209118714,0.852737627,0.68420813,0.406409117,34.5971564,0.164912784,36.72985782,0.87617712,0.947867299,0.362105845,7.109004739,0.869174751,5.920023451,0.892373255,>85 ka
105.6835275,0.201394839,0.843123925,0.672517824,0.401752273,40.32258065,0.253730794,29.83870968,0.740591025,0.403225806,0.227011577,4.435483871,0.596592522,3.686090118,0.442852317,>85 ka
106.5295452,0.230069986,0.87679238,0.657741368,0.395886039,36,0.184566139,22.22222222,0.532069497,3.111111111,0.888688579,1.777777778,0.264926251,5.705566638,0.865741011,>85 ka
107.1818591,0.218636893,0.864030435,0.64579617,0.391160921,35.31914894,0.174852199,34.89361702,0.846122834,0.85106383,0.336074628,8.085106383,0.925495697,4.188408738,0.56640759,>85 ka
108.1310318,0.210716061,0.854675449,0.629423025,0.384710399,43.50282486,0.312181851,25.42372881,0.62469556,2.259887006,0.726028549,4.802259887,0.642438001,6.510219968,0.945712269,>85 ka
109.0428263,0.134538354,0.743328788,0.615889087,0.379402342,48.77384196,0.419668516,28.61035422,0.71024371,1.36239782,0.479454948,3.542234332,0.480539901,5.579652204,0.848149816,>85 ka
110.7077309,0.096489778,0.674483238,0.599299164,0.372926692,53.04347826,0.51183921,23.26086957,0.562566572,2.173913043,0.70483322,4.347826087,0.585409046,6.398051017,0.937631072,>85 ka
111.6467818,0.123901418,0.724867141,0.596032074,0.371655584,46.12403101,0.364300547,26.9379845,0.666440491,1.937984496,0.643138626,5.23255814,0.69367326,7.976738262,0.994006477,>85 ka
112.5885004,0.160725027,0.785876773,0.598233611,0.372511971,39.94252874,0.247150538,35.91954023,0.8634625,1.724137931,0.58372027,8.908045977,0.956670263,4.951211426,0.738742533,>85 ka
113.4678472,0.159159133,0.783453761,0.605992821,0.375535268,31.61157025,0.127771441,38.84297521,0.905367341,2.479338843,0.776480489,7.438016529,0.890753138,6.010218726,0.902354862,>85 ka
114.8293101,0.142087139,0.756028041,0.630521235,0.385142086,38.66171004,0.225662837,34.57249071,0.84040815,1.486988848,0.515571211,4.089219331,0.552043779,4.380500611,0.612620759,>85 ka
115.8467631,0.14042064,0.753253979,0.659812374,0.39670684,32.11678832,0.133610098,38.32116788,0.898680372,1.459854015,0.507706041,5.474452555,0.720970006,5.003400802,0.749139096,>85 ka
117.1048013,0.0732359,0.629031929,0.708098112,0.415966306,36,0.184566139,40.4,0.92338217,2,0.659807853,3.6,0.48810178,4.693552206,0.684372474,>85 ka
118.0032809,-0.024562561,0.425374948,0.749737952,0.432740462,48.38709677,0.411458615,20.96774194,0.494999154,1.209677419,0.43544385,4.435483871,0.596592522,2.801892039,0.244740865,>85 ka
118.7163299,-0.002502215,0.471523672,0.786483467,0.447645393,21.14695341,0.043944296,48.02867384,0.97691273,2.150537634,0.698942552,6.810035842,0.847157865,4.813385756,0.71026122,>85 ka
119.6160882,0.102974246,0.686741925,0.836921615,0.468221146,29.05982906,0.100996163,35.47008547,0.856037703,0.854700855,0.337039503,5.128205128,0.681544025,4.207734097,0.571109438,>85 ka
120.4713872,0.234197991,0.881187068,0.888467755,0.48933657,32.29166667,0.135673208,27.86458333,0.691041435,1.041666667,0.387954348,4.6875,0.628278352,6.336458031,0.932810658,>85 ka
121.0139491,0.309868918,0.943097216,0.922697944,0.50337888,37.21881391,0.20277435,29.44785276,0.731115427,2.862985685,0.850650169,8.384458078,0.938383784,5.800803981,0.878079887,>85 ka
123.320528,0.241658232,0.888846,1.077478292,0.566568695,85.56034483,0.964051741,1.293103448,0.07061354,0,0.148747214,1.724137931,0.259189528,4.648684021,0.674431774,>85 ka
123.8406034,0.073077495,0.628715168,1.1136318,0.581145578,86.2745098,0.967016599,2.521008403,0.08376277,0,0.148747214,1.120448179,0.199308814,4.204916968,0.570424644,>85 ka
124.3355528,-0.141391743,0.210033355,1.148192205,0.59497702,82.43727599,0.948424421,1.075268817,0.068456268,0,0.148747214,0,0.112748849,4.894838095,0.727268875,>85 ka
124.7230928,-0.315399216,0.04208563,1.173864442,0.605176075,90.06622517,0.979575304,2.649006623,0.085232915,0,0.148747214,0,0.112748849,2.78136427,0.240765661,>85 ka
125.1457706,-0.303816199,0.047887171,1.192223278,0.612426152,89.74358974,0.978693961,1.424501425,0.071939847,0,0.148747214,0.284900285,0.131681125,2.886797811,0.261551462,>85 ka
125.5786282,-0.275543404,0.064746697,1.18995008,0.611530512,94.19795222,0.988395317,0.682593857,0.064696391,0,0.148747214,0,0.112748849,2.453080342,0.182183111,>85 ka
126.0717557,-0.263597791,0.073125987,1.147129227,0.594553275,85.55858311,0.964044166,0.272479564,0.060942824,0,0.148747214,1.089918256,0.196519687,5.204977584,0.787151285,>85 ka
126.5676442,-0.317180465,0.041246162,1.04749343,0.554408989,75.26501767,0.892389303,9.540636042,0.194962084,0.706713781,0.298706182,0,0.112748849,3.146681633,0.31643898,>85 ka
126.9367655,-0.286097903,0.057981471,0.954004854,0.516218736,63.93939394,0.73329603,15.45454545,0.336771456,0.303030303,0.205665155,3.03030303,0.414138268,5.444273303,0.827599001,>85 ka
127.2906073,-0.448075043,0.007570924,0.879653794,0.485722245,48.57768053,0.415499756,21.88183807,0.522025011,2.188183807,0.708403201,4.814004376,0.643876477,6.871569861,0.966250325,>85 ka
127.6305321,-0.521841482,0.002406672,0.847251329,0.472447376,58.54700855,0.629024825,19.87179487,0.462637822,2.35042735,0.747504524,4.05982906,0.54822384,4.967729115,0.742056774,>85 ka
127.8142094,-0.40935767,0.013070366,0.85302847,0.47481238,84.84042553,0.960845514,3.989361702,0.101805101,0.531914894,0.25617492,0.265957447,0.130358052,4.181381111,0.564695403,>85 ka
128.3808973,-0.316553799,0.041539936,1.010317871,0.539263149,88.33922261,0.974474102,1.060070671,0.068307675,0,0.148747214,0,0.112748849,3.338980631,0.359935574,>85 ka
128.5969312,-0.289542663,0.055897928,1.138596173,0.591147683,78.59007833,0.922245432,7.571801567,0.157273543,0.261096606,0.197097168,0.261096606,0.130020032,5.140377695,0.775350172,>85 ka
128.9098926,-0.277675661,0.06333272,1.398528564,0.690691461,84.95575221,0.961374257,1.769911504,0.075517433,0,0.148747214,0.884955752,0.17841393,4.091047589,0.542589958,>85 ka
129.2248758,-0.231152871,0.100056073,1.667335379,0.780608723,85.32423208,0.963024771,4.09556314,0.103212115,0,0.148747214,0.682593857,0.161605634,3.848153472,0.482687033,>85 ka
129.5025651,-0.202150461,0.129706375,1.79755178,0.818104347,74.81840194,0.88782137,9.443099274,0.192974734,0.484261501,0.245153236,0.726392252,0.165153103,5.24562736,0.794387952,>85 ka
129.8078002,-0.17470781,0.162906848,1.725565341,0.79789728,44.25427873,0.326799137,27.62836186,0.684845061,1.95599022,0.648008343,5.378973105,0.710337471,6.677649987,0.956207996,>85 ka
130.1088273,-0.203237163,0.128495883,1.488197118,0.722413359,50.42194093,0.455005186,23.20675105,0.560985082,2.53164557,0.787675403,4.430379747,0.595943399,6.543979069,0.947975028,>85 ka
130.469828,-0.234525027,0.09695923,1.154068882,0.597317677,45.32019704,0.347993019,26.3546798,0.650569491,1.97044335,0.651899804,4.679802956,0.627322164,7.202196245,0.978974736,>85 ka
130.7701005,-0.148079821,0.19998014,0.97441489,0.524581258,56.16161616,0.57903296,21.41414141,0.508202075,1.818181818,0.610176373,4.444444444,0.597731449,5.044231261,0.757117537,>85 ka
131.0855258,-0.124766048,0.236274182,0.963107081,0.519949256,47.12643678,0.384982794,19.54022989,0.452886043,2.298850575,0.735380244,3.448275862,0.468256318,6.662245653,0.955316433,>85 ka
131.2501909,-0.053672411,0.366106939,1.010416812,0.539303545,56.06557377,0.576987227,16.72131148,0.371693639,1.31147541,0.464725304,4.262295082,0.574429684,6.69412964,0.957145851,>85 ka
131.2800902,-0.043110108,0.387325378,1.021644691,0.543884921,44.6969697,0.335538386,23.48484848,0.569100944,3.03030303,0.877147655,4.04040404,0.545696638,7.046224847,0.973594338,>85 ka
131.5734361,-0.017712993,0.439624781,1.154862005,0.597633309,56.7032967,0.590529463,19.12087912,0.440593674,2.197802198,0.710797927,4.395604396,0.591513857,5.61754341,0.853597532,>85 ka
131.798596,-0.035393676,0.403046583,1.257920163,0.638034631,53.4591195,0.520857863,21.5932914,0.513498984,2.096436059,0.685109899,4.612159329,0.618885767,5.873995574,0.887005037,>85 ka
132.1598387,-0.126438571,0.233555335,1.353239194,0.67409024,47.81609195,0.399408757,23.2183908,0.56132531,2.528735632,0.787061343,6.666666667,0.835774462,6.603753804,0.95179715,>85 ka
132.5160059,-0.12557203,0.23496181,1.358452453,0.676019708,51.4893617,0.478101411,17.23404255,0.386154278,3.191489362,0.899376831,6.808510638,0.847039587,6.510923968,0.945760238,>85 ka
132.8084691,-0.062448684,0.348779606,1.324661603,0.663431611,61.08695652,0.679941987,17.39130435,0.3906225,2.608695652,0.803554861,3.913043478,0.529085797,6.892876306,0.967227674,>85 ka
133.0921119,-0.277301601,0.063579019,1.281719382,0.647167823,49.73262032,0.440165591,17.9144385,0.405587235,2.406417112,0.760327151,5.614973262,0.736264518,7.104984543,0.975742968,>85 ka
133.4072504,-0.1445811,0.2052027,1.247240634,0.63391019,55.85106383,0.572410674,17.55319149,0.39523727,3.723404255,0.952008413,6.914893617,0.855144123,3.974495915,0.513882639,>85 ka
133.7559419,-0.139327736,0.213194836,1.254199738,0.636599591,52.18978102,0.493301632,17.88321168,0.404689843,1.824817518,0.612025503,7.664233577,0.90402481,5.768916326,0.874040482,>85 ka
134.162159,0.080030841,0.642534819,1.33387342,0.666882244,57.79467681,0.613448204,11.02661597,0.226753077,1.901140684,0.633101823,1.901140684,0.278360174,7.20516873,0.979067517,>85 ka
134.3912359,0.084332825,0.650993598,1.413292649,0.696022439,17.79661017,0.029444454,41.24293785,0.931978771,2.542372881,0.789930139,12.71186441,0.998473895,5.200465061,0.786338877,>85 ka
134.8470888,0.069024945,0.62058223,1.646518089,0.774227661,32.82275711,0.142071969,39.8249453,0.917059355,3.282275711,0.910525734,3.06345733,0.418385728,6.388254112,0.936882909,>85 ka
135.1002989,0.100574807,0.68222893,1.813543489,0.822415675,63.46863469,0.724808362,11.80811808,0.244581384,2.21402214,0.714815192,1.47601476,0.233512645,5.434989875,0.826127565,>85 ka
135.2470421,0.107251184,0.69471694,1.913994367,0.848004724,57.68261965,0.611111707,15.86901763,0.348060838,3.274559194,0.909615425,2.518891688,0.350172182,6.374530959,0.93582318,>85 ka
135.4024177,0.114514997,0.708050493,2.017363642,0.871648404,58.1300813,0.620416853,13.82113821,0.293773783,2.032520325,0.668428228,1.219512195,0.208521824,6.52571024,0.946760015,>85 ka
135.5977216,0.130097102,0.735699616,2.135204607,0.895334078,47.63636364,0.395635131,20.36363636,0.477143272,8,0.999999093,6.181818182,0.793326658,5.967955429,0.89776562,>85 ka
135.8190062,0.14161219,0.755239157,2.240484823,0.913664968,67.13947991,0.787278101,15.60283688,0.340794387,1.418439716,0.495697152,1.182033097,0.205007084,6.0411286,0.905614349,>85 ka
136.083423,0.134141498,0.742651765,2.307112035,0.923955768,38.424821,0.221807781,28.63961814,0.710985655,2.625298329,0.806879853,6.443914081,0.817025754,5.765380806,0.873586934,>85 ka
136.2062168,0.131735223,0.738526958,2.310891166,0.924510195,67.82945736,0.798020675,3.875968992,0.10031828,2.325581395,0.741700694,2.713178295,0.374084895,6.31901163,0.93139419,>85 ka
136.5822966,0.127268089,0.730780446,2.233136152,0.912469038,33.18681319,0.146574442,30.32967033,0.752244233,3.516483516,0.935017581,8.571428571,0.945504652,5.405649845,0.821424812,>85 ka
136.8306344,0.106182267,0.692732225,2.131406945,0.894623819,37.37373737,0.205163306,22.55892256,0.541985251,2.693602694,0.820194039,6.060606061,0.781778379,4.699228646,0.685620849,>85 ka
136.9451659,0.08872276,0.659548616,2.077200812,0.88410372,28.8184438,0.098692792,19.02017291,0.437649737,3.458213256,0.929474041,8.357348703,0.937293571,7.339477685,0.982912819,>85 ka
137.0219807,0.087354836,0.656891376,2.039575207,0.87637609,33.75,0.153726452,19.6875,0.457214305,6.5625,0.999903623,6.25,0.799660371,6.804001313,0.96299116,>85 ka
137.2513397,0.084881124,0.652066425,1.92713946,0.851162398,37.25961538,0.203401901,25.96153846,0.639719997,4.086538462,0.973109867,7.692307692,0.905585371,6.914739519,0.968206185,>85 ka
137.4244246,0.0862412,0.654722348,1.84985992,0.831964629,41.68421053,0.278040134,22.73684211,0.547214806,3.368421053,0.92022949,9.263157895,0.966367872,6.600630913,0.951603189,>85 ka
137.5812783,0.085069237,0.652434216,1.797597797,0.818116846,36.54618474,0.192596522,23.29317269,0.563510082,3.614457831,0.943568633,5.220883534,0.692326459,6.494539731,0.944635126,>85 ka
137.9145704,0.088875975,0.659845752,1.80074227,0.818969682,65.06849315,0.753099543,2.397260274,0.082359629,1.369863014,0.481617149,2.054794521,0.29554359,5.749336345,0.87151441,>85 ka
138.1059055,0.092189081,0.666246444,1.909420968,0.846895758,46.45308924,0.371049751,24.71395881,0.604577468,2.745995423,0.83000577,4.576659039,0.614435228,6.730471704,0.959156733,>85 ka
138.2460641,0.087857987,0.657869675,2.054927191,0.87957161,75.37993921,0.893542718,2.73556231,0.086237967,1.215805471,0.437198195,0.607902736,0.155671449,6.00149268,0.901419921,>85 ka
138.399834,0.088650498,0.659408441,2.268793032,0.918157805,79.59866221,0.929926248,1.337792642,0.071062499,0.668896321,0.289237355,0.334448161,0.135185538,5.382970785,0.817735347,>85 ka
138.6145254,0.1032979,0.687348556,2.559849496,0.954687237,52.0361991,0.489967057,9.954751131,0.203537518,2.714932127,0.824230623,4.524886878,0.607917797,5.960956637,0.896990744,>85 ka
138.8299999,0.132740833,0.740254882,2.695633288,0.966505405,53.92156863,0.530879422,7.107843137,0.149140898,5.147058824,0.996527535,14.46078431,0.999797467,6.003263045,0.901610133,>85 ka
139.0182785,0.13411645,0.742609003,2.606061569,0.959038127,56.26822157,0.581301191,3.206997085,0.091868165,6.997084548,0.999973751,5.83090379,0.758903905,6.528497313,0.946946816,>85 ka
139.1425555,0.102583,0.686007931,2.488014921,0.947193801,75.43252595,0.89406752,1.730103806,0.075098341,0.346020761,0.214674568,1.384083045,0.224370031,4.553074564,0.652837968,>85 ka
139.3034908,0.101607678,0.684174982,2.341563263,0.928896659,76.38888889,0.903287632,0.694444444,0.064807465,0.694444444,0.295618732,1.736111111,0.260464457,5.950575772,0.895833576,>85 ka
139.487989,0.102460291,0.685777571,2.283565763,0.920431297,84.65346535,0.959975844,0.247524752,0.060720039,0.247524752,0.19437108,0,0.112748849,5.12820062,0.773084809,>85 ka
139.6736741,0.100051988,0.681241951,2.362271909,0.931745724,82.99319728,0.951545517,0.340136054,0.061550045,0,0.148747214,0,0.112748849,5.775558838,0.874889532,>85 ka
139.8710624,0.106752422,0.69379157,2.492601467,0.947699927,84.09090909,0.957264002,0,0.0585446,0,0.148747214,0,0.112748849,1.04769679,0.037773783,>85 ka
140.0090789,0.109441598,0.698766113,2.550062608,0.953719698,89.78622328,0.978812236,0.475059382,0.062775087,0,0.148747214,0,0.112748849,2.957231179,0.275933244,>85 ka
140.174263,0.10872975,0.697452853,2.539545374,0.952661537,87.68656716,0.972286642,0,0.0585446,0,0.148747214,0,0.112748849,0.525354757,0.017842498,>85 ka
140.4763126,0.100298867,0.681708171,2.407297046,0.93763549,89.38356164,0.977672716,0.684931507,0.06471829,0,0.148747214,0.342465753,0.13575856,3.504400489,0.398889557,>85 ka
140.6114684,0.099679763,0.680538478,2.360107702,0.931452163,91.55672823,0.983256389,0.527704485,0.063258202,0.263852243,0.197653487,0,0.112748849,3.180549973,0.323938774,>85 ka
140.7736679,0.100650701,0.682372096,2.359380297,0.931353277,87.89808917,0.973012088,1.27388535,0.070421142,0,0.148747214,0,0.112748849,4.526197175,0.646673302,>85 ka
140.8812784,0.050676314,0.583137905,2.39244206,0.935737774,83.72093023,0.955400879,1.993355482,0.077902973,0.664451827,0.288133861,0.664451827,0.160150871,2.785998802,0.241660056,>85 ka
140.9948356,0.058616391,0.599455729,2.439993645,0.941658339,87.21590909,0.970614018,1.420454545,0.071898715,0,0.148747214,0.568181818,0.15257492,3.741157485,0.456343402,>85 ka
141.2344899,0.052722548,0.587358095,2.514182523,0.950029899,86.10169492,0.966318305,5.762711864,0.127173417,0,0.148747214,1.016949153,0.189949918,1.567124326,0.072757567,>85 ka
141.3944666,-0.013068705,0.449332626,2.514300237,0.950042377,80.74324324,0.937920478,5.067567568,0.116749563,0,0.148747214,0,0.112748849,3.143090369,0.315648071,>85 ka
141.5541179,-0.0162754,0.442626149,2.48396118,0.946743242,54.51505017,0.543711054,7.692307692,0.1594327,0,0.148747214,0.668896321,0.160506469,4.336369698,0.602118923,>85 ka
141.5800196,-0.012697194,0.450110577,2.476967706,0.945958784,66.30824373,0.773903257,15.77060932,0.345367717,0,0.148747214,2.867383513,0.393420928,2.963442125,0.277219851,>85 ka
141.7398779,-0.035475322,0.402879367,2.425932337,0.939954005,57.78301887,0.613205315,23.11320755,0.558249205,0.471698113,0.242290534,1.41509434,0.227431181,6.76482097,0.960986313,>85 ka
141.7557351,-0.029736131,0.414675081,2.420400774,0.939272949,59.51742627,0.648805458,20.37533512,0.477488739,0.268096515,0.198512193,2.680965147,0.370083538,5.116251807,0.770849441,>85 ka
141.9000586,0.03718107,0.555086919,2.36969758,0.932745598,70.77464789,0.840106791,10.91549296,0.224278967,0,0.148747214,2.112676056,0.302140731,5.058132527,0.759802235,>85 ka
142.0614197,0.005404168,0.488190011,2.319317664,0.92573533,67.24637681,0.788963936,15.94202899,0.350063898,0.579710145,0.267483501,0.579710145,0.153469397,5.567810338,0.846420004,>85 ka
142.2401188,-0.084984869,0.305777009,2.284014348,0.920499578,83.05084746,0.951860347,9.604519774,0.196270459,0.564971751,0.263969663,0.847457627,0.175218898,3.188762295,0.325768278,>85 ka
142.4131342,-0.185048399,0.149799636,2.283813531,0.920469016,50.87336245,0.464758787,26.63755459,0.658301162,1.310043668,0.464311766,2.401746725,0.336029054,5.751183239,0.871754174,>85 ka
142.5761054,-0.201897468,0.129989317,2.321856363,0.92610144,50.57471264,0.458303297,30.26819923,0.750800653,0.383141762,0.222635277,5.747126437,0.750247659,4.380500611,0.612620759,>85 ka
142.7400894,-0.208544408,0.122696832,2.380589857,0.934191716,49.67532468,0.438935621,29.22077922,0.725531734,0.324675325,0.210172894,6.168831169,0.79210693,4.789240267,0.70512555,>85 ka
142.7897991,-0.193489515,0.139636238,2.398661631,0.936537712,56.64335664,0.589260942,25.40792541,0.624251067,0.466200466,0.241043558,2.331002331,0.3275975,6.749615945,0.960184835,>85 ka
142.8113486,-0.176620051,0.160428409,2.406192725,0.937495934,55.11111111,0.556552712,24.66666667,0.603226373,1.111111111,0.407423818,2.444444444,0.341158474,6.263514064,0.926734967,>85 ka
143.189403,-0.083827736,0.307927304,2.445080555,0.942265466,56.16438356,0.579091875,24.31506849,0.593143676,0,0.148747214,5.136986301,0.682572461,3.959957945,0.510293736,>85 ka
143.4218573,-0.093544532,0.290081832,2.349726399,0.930030447,52.76752768,0.505847956,27.30627306,0.676312059,1.47601476,0.512390872,3.32103321,0.451671597,4.188408738,0.56640759,>85 ka
143.6163089,-0.168499609,0.171123872,2.244524323,0.914317133,45.59386973,0.353515356,30.26819923,0.750800653,2.298850575,0.735380244,3.0651341,0.418600799,5.247482008,0.794714604,>85 ka
144.2122522,-0.018140893,0.438732085,2.136599881,0.895594157,53.75722543,0.527319913,26.58959538,0.656994875,1.445086705,0.503424206,2.312138728,0.325363818,6.021188799,0.903520991,>85 ka
144.4247066,-0.02954766,0.415063814,2.157293776,0.899396651,51.48514851,0.478010053,23.76237624,0.577171196,1.320132013,0.467226434,3.300330033,0.448980347,5.476128479,0.832587486,>85 ka
144.4600278,-0.027698064,0.418883078,2.159667658,0.899826307,54.48028674,0.54296056,25.80645161,0.635408352,1.433691756,0.500119904,3.94265233,0.532953084,4.545206803,0.651037493,>85 ka
144.668925,-0.012844255,0.449802605,2.153936564,0.898786727,55.35055351,0.561695402,23.61623616,0.572925389,1.10701107,0.406267437,2.58302583,0.358005718,4.388202521,0.614445404,>85 ka
145.0487804,0.090750237,0.663472501,2.026646583,0.873639309,47.25,0.387556401,30.75,0.76199442,1.5,0.5193406,5.25,0.695680511,5.873667006,0.886966042,>85 ka
145.2710654,0.1103149,0.700373716,1.933347422,0.852638306,41.19850187,0.269239828,28.83895131,0.716015529,1.498127341,0.518798181,6.741573034,0.841788874,5.425524969,0.824619167,>85 ka
145.6031563,0.121964534,0.721436406,1.875219275,0.838432819,51.49253731,0.478170272,26.49253731,0.654345526,1.865671642,0.623352703,3.731343284,0.505307046,5.441371126,0.827139858,>85 ka
145.7854316,0.131485347,0.738096686,1.897466904,0.843971845,50.18315018,0.449856345,27.10622711,0.670964878,1.098901099,0.403982507,5.860805861,0.76195355,4.178998203,0.564114563,>85 ka
146.0683018,0.129625452,0.734882687,1.970809224,0.861336036,43.08176101,0.304116852,30.50314465,0.756293888,2.51572327,0.784302805,6.918238994,0.855394204,7.489450006,0.986477013,>85 ka
146.3101604,0.148258605,0.766152949,2.035263458,0.875468014,64.01515152,0.734649455,7.954545455,0.164198065,1.136363636,0.4145635,1.515151515,0.237466623,4.728192816,0.691957471,>85 ka
146.6921653,0.185918675,0.822645923,2.074342448,0.883528986,17.90540541,0.029843449,59.7972973,0.997923721,2.702702703,0.821923282,6.418918919,0.814841643,4.848861384,0.717729705,>85 ka
146.9762379,0.179759467,0.814046573,2.058087473,0.880222137,33.07392996,0.145168227,44.35797665,0.957433022,0.778210117,0.316981606,5.836575875,0.759484016,4.367891724,0.609628252,>85 ka
147.3823374,0.176888314,0.809951056,2.000857586,0.868054798,40,0.248139709,35.80246914,0.861554245,0.24691358,0.194248861,4.938271605,0.658967993,4.395935455,0.616274853,>85 ka
147.6992217,0.176090149,0.80880275,1.951406548,0.856875837,38.66666667,0.225743902,42.13333333,0.940229929,0.533333333,0.256506903,4.266666667,0.574992329,3.439919945,0.383561125,>85 ka
148.0244298,0.185218926,0.821681788,1.904568927,0.845713377,36.76470588,0.195868292,40.58823529,0.925370147,1.176470588,0.425960313,5.294117647,0.700731329,4.459537615,0.631220145,>85 ka
148.65489,0.179540689,0.81373644,1.834764622,0.828036365,47.2,0.386514386,29.86666667,0.741262119,1.866666667,0.623627307,2.933333333,0.401774561,5.553293578,0.844281719,>85 ka
149.0057827,0.168376003,0.797486615,1.810150863,0.821506462,45.19056261,0.345388299,31.39745917,0.776592653,1.996370236,0.658840381,3.448275862,0.468256318,5.06545746,0.761210338,>85 ka
149.9574727,0.175003641,0.80723279,1.763002123,0.808568657,46.27329193,0.367356921,30.74534161,0.761887526,1.242236025,0.444778487,2.795031056,0.384312541,5.200465061,0.786338877,>85 ka
150.3025066,0.203768935,0.846121886,1.741407762,0.802455947,44.23592493,0.326438812,31.36729223,0.775923997,1.072386059,0.396535295,6.434316354,0.816189,4.107265526,0.546570385,>85 ka
150.6989163,0.188887367,0.82669958,1.707235624,0.792545085,46.3878327,0.369708063,32.69961977,0.804354885,0.760456274,0.31239927,4.942965779,0.6595333,4.370391156,0.610221973,>85 ka
151.4955709,0.17880621,0.812692922,1.603474611,0.760706381,46.40718563,0.370105799,31.13772455,0.770798497,0.598802395,0.272070163,2.694610778,0.371776843,3.670360623,0.43901015,>85 ka
152.0127287,0.188433237,0.826083331,1.507993679,0.729196459,32.90734824,0.14310971,40.89456869,0.928520876,0.958466454,0.364997836,4.153354633,0.560362418,4.926858215,0.733816508,>85 ka
152.4569774,0.173692896,0.805328369,1.409336206,0.694597876,36.20071685,0.1874927,45.51971326,0.964679388,0.716845878,0.301266815,3.94265233,0.532953084,2.437748952,0.179684495,>85 ka
152.6685262,0.175570855,0.808053371,1.358462465,0.676023409,43.87464387,0.319379407,30.76923077,0.762435418,0,0.148747214,5.128205128,0.681544025,4.992666451,0.747018762,>85 ka
154.2179751,0.153201395,0.77409122,0.969596817,0.522608007,38.6167147,0.224927694,30.83573487,0.763957023,0.576368876,0.266684833,5.763688761,0.751971937,5.301979694,0.804174791,>85 ka
154.6639634,0.160644134,0.78575199,0.87205855,0.482608607,41.75824176,0.279393691,28.57142857,0.709255423,1.098901099,0.403982507,6.318681319,0.805921119,4.601857622,0.663923339,>85 ka
155.1819939,0.171470817,0.802073805,0.779424941,0.44477586,44.23076923,0.326337624,28.84615385,0.716196487,2.307692308,0.73747953,5,0.666372831,5.0667544,0.761459183,>85 ka
156.2667323,0.19358924,0.832998083,0.693090183,0.409956199,42.97520661,0.302090737,31.61157025,0.78130572,1.033057851,0.385559204,5.578512397,0.73233749,4.869260017,0.721981748,>85 ka
157.4020374,0.147734313,0.765301946,0.777816275,0.444122282,41.26394052,0.270417286,28.2527881,0.7011068,2.602230483,0.802250762,2.602230483,0.360363292,5.520993989,0.839453956,>85 ka
157.9967534,0.143535554,0.758425345,0.848383841,0.472910921,40.68965517,0.260172623,35.51724138,0.856829245,0.689655172,0.294417555,2.413793103,0.337473187,5.798454743,0.877785436,>85 ka
160.0600327,0.151013849,0.770596892,0.931087766,0.50682068,45.28985507,0.347382715,32.97101449,0.809865673,1.811594203,0.608338172,4.710144928,0.631086882,4.020759864,0.525294664,>85 ka
160.713777,0.180358561,0.814894191,0.911707002,0.498869667,44.3627451,0.328931854,29.65686275,0.736204034,1.960784314,0.649300881,4.901960784,0.6545832,5.325635045,0.808197386,>85 ka
161.4001139,0.174837943,0.806992673,0.882887012,0.487047964,42.1686747,0.286955401,18.07228916,0.410131033,6.024096386,0.999576522,12.04819277,0.996969714,2.975287886,0.279681824,>85 ka
162.1286583,0.167279875,0.795846792,0.849612085,0.473413692,44.97354497,0.341044203,24.86772487,0.608961671,3.174603175,0.897195928,9.259259259,0.966272022,5.831105807,0.881833265,>85 ka
163.2247353,0.175556562,0.80803272,0.793895011,0.450661389,46.62379421,0.374566865,20.57877814,0.483498937,2.572347267,0.796155307,5.78778135,0.754468795,6.15510822,0.916940959,>85 ka
164.035653,0.173428222,0.804942432,0.746620485,0.431480024,46.69811321,0.376101381,21.46226415,0.509625096,3.537735849,0.936953069,6.132075472,0.788631914,5.877432342,0.88741235,>85 ka
164.8716149,0.169297722,0.798859405,0.691636106,0.409374995,53.13807531,0.513892491,12.55230126,0.262236227,4.60251046,0.989378907,8.368200837,0.937731784,3.820172815,0.475785865,>85 ka
165.7408226,0.134571077,0.743384571,0.630723464,0.385221594,69.64980545,0.824761594,5.836575875,0.128317939,3.501945525,0.933667231,4.6692607,0.626011246,4.383056351,0.613226513,>85 ka
166.625649,0.104374555,0.689362894,0.569232917,0.361282894,70.18181818,0.832132262,2.181818182,0.07995914,0.727272727,0.30391221,1.090909091,0.196609833,4.540019422,0.649848537,>85 ka
169.4736297,0.129001524,0.733800036,0.422593675,0.306486329,60.9375,0.677026795,9.765625,0.199593545,2.734375,0.827859749,2.734375,0.376725295,5.730259222,0.8690196,>85 ka
170.4574079,0.114666509,0.708325702,0.398066122,0.297689032,70.4379562,0.835608639,3.649635036,0.097398067,0.729927007,0.304587278,2.189781022,0.311030032,4.558378605,0.654049814,>85 ka
171.4061576,0.100007079,0.681157111,0.387188937,0.293824941,82.28782288,0.947558641,2.21402214,0.08031456,1.10701107,0.406267437,0,0.112748849,4.169748941,0.56185873,>85 ka
172.3854436,0.087508218,0.657189715,0.384837945,0.292992817,75.625,0.895972412,1.25,0.07018258,0.3125,0.207630189,0.9375,0.182952289,3.600895608,0.422115708,>85 ka
173.4039931,0.037268952,0.555270644,0.386586638,0.293611656,87.01298701,0.969867444,1.623376623,0.07398348,0,0.148747214,0.649350649,0.158946495,2.439112389,0.179905823,>85 ka
174.9611281,-0.055166719,0.363136155,0.386985842,0.293753014,90.72463768,0.981278327,2.608695652,0.084767845,0,0.148747214,0.289855072,0.132028719,2.378483276,0.170229556,>85 ka
175.9671454,-0.053488731,0.366472666,0.390808094,0.29510806,34.86590038,0.168568904,29.50191571,0.732436368,3.0651341,0.882221156,16.66666667,0.999989831,5.535727774,0.841668189,>85 ka
176.9742043,-0.090731543,0.295198045,0.407584765,0.301089406,88.73720137,0.975735612,3.412969283,0.094411755,0.341296928,0.213673529,0.682593857,0.161605634,3.152128544,0.317640165,>85 ka
178.617164,-0.136511157,0.217553517,0.472330534,0.324667705,78.29181495,0.919855802,10.3202847,0.211290706,0.355871886,0.216770889,0.355871886,0.136720417,3.901847487,0.495942924,>85 ka
179.6493698,-0.120550391,0.243203827,0.50810816,0.338012992,79.47761194,0.929036461,7.462686567,0.155335147,0,0.148747214,0.746268657,0.166779503,2.146311562,0.136322436,>85 ka
182.0928059,-0.115942426,0.250902299,0.43969364,0.312686653,68.62068966,0.809931464,13.44827586,0.284326029,0,0.148747214,2.068965517,0.29715262,3.351040394,0.362732278,>85 ka
183.1023805,-0.122993273,0.239174924,0.391132255,0.295223112,56.50684932,0.58636855,19.8630137,0.46237924,0.684931507,0.293235045,1.369863014,0.222974219,3.170826255,0.321778058,>85 ka
184.070159,-0.145387097,0.203992454,0.388610074,0.294328477,60.64981949,0.671384909,18.41155235,0.419937041,1.083032491,0.399521163,2.166064982,0.308283761,2.494152945,0.18898322,>85 ka
185.0257023,-0.082517877,0.310369388,0.427172999,0.308141435,58.20895522,0.622050033,14.92537313,0.322570059,1.865671642,0.623352703,5.223880597,0.692672453,3.39832664,0.373767671,>85 ka
185.9671838,-0.059315364,0.35493192,0.470244505,0.323896295,42.30769231,0.289538429,15.38461538,0.334880781,7.692307692,0.999997312,0,0.112748849,3.069276764,0.299583058,>85 ka
186.9081868,-0.040114962,0.393407218,0.483398175,0.328773024,58.69565217,0.63207846,19.56521739,0.453620044,2.173913043,0.70483322,6.52173913,0.823722684,2.089514053,0.128784762,>85 ka
187.8172609,0.047368433,0.576295568,0.463482429,0.3214009,53.67647059,0.525570027,21.69117647,0.516392196,4.044117647,0.971136631,1.838235294,0.271468582,2.854185683,0.255025182,>85 ka
189.5976373,0.107441735,0.695070148,0.483356452,0.328757508,59.92647059,0.657027551,13.97058824,0.297600971,1.470588235,0.510817938,2.941176471,0.402771098,5.180031125,0.782637534,>85 ka
190.4413262,0.14234199,0.756450779,0.555628576,0.356055513,35.29411765,0.174501365,35.29411765,0.853057951,0,0.148747214,2.941176471,0.402771098,2.268627936,0.153563727,>85 ka
191.2754845,0.166542959,0.794739924,0.638319051,0.38821133,28.46715328,0.095409717,32.11678832,0.792197016,2.919708029,0.860030482,9.124087591,0.962807237,4.453844546,0.629890062,>85 ka
191.820936,0.170449411,0.800566843,0.684742981,0.406622497,33.6996337,0.153077591,36.996337,0.880171315,2.93040293,0.861753255,4.761904762,0.637479939,4.813287416,0.710240389,>85 ka
193.9183704,0.149863064,0.768746567,0.724066157,0.422382521,58.04195804,0.61858961,3.846153846,0.099929985,3.846153846,0.960273726,2.797202797,0.38458504,4.596894916,0.662801916,>85 ka
194.5101398,0.090395184,0.662786617,0.695781531,0.41103247,54.67128028,0.547081883,2.076124567,0.078801005,0.692041522,0.295015784,3.114186851,0.424903078,4.411951548,0.62005565,>85 ka
195.2238448,0.072483235,0.627526058,0.655237467,0.394894287,52.20338983,0.493597133,4.406779661,0.107416485,2.711864407,0.823653619,0,0.112748849,3.340967528,0.360395832,>85 ka
195.80915,0.075894668,0.634335436,0.630528286,0.385144858,74.82014388,0.887839452,0,0.0585446,3.597122302,0.942123836,0,0.112748849,1.599254786,0.075548768,>85 ka
196.2000207,0.072571439,0.627702631,0.624498045,0.382776244,79.31034483,0.927792705,2.413793103,0.082546059,0,0.148747214,1.379310345,0.223901,3.703781488,0.447180115,>85 ka
196.8923358,-0.017963826,0.439101449,0.639739438,0.388771157,82.98611111,0.951506706,0,0.0585446,1.388888889,0.487130057,0,0.112748849,1.942446895,0.110626862,>85 ka
197.5445092,-0.066549198,0.340788099,0.669504405,0.400554104,68.34532374,0.80583611,1.438848921,0.072085817,0,0.148747214,0,0.112748849,2.84311962,0.25283018,>85 ka
197.996264,-0.051172808,0.371094225,0.688391735,0.408078918,73.92739274,0.878297881,4.95049505,0.11505541,0,0.148747214,1.320132013,0.218131796,4.73094066,0.692555707,>85 ka
198.4442828,-0.106186896,0.267616883,0.698444557,0.412098075,76.89655172,0.907935648,6.206896552,0.134163755,0,0.148747214,1.724137931,0.259189528,2.120335314,0.132838434,>85 ka
199.5646135,-0.211693355,0.119344149,0.678543747,0.404151007,58.24175824,0.622728619,12.08791209,0.251143137,0.732600733,0.305267966,0,0.112748849,2.852318469,0.254654114,>85 ka
200.1997221,-0.200914466,0.131092739,0.651593008,0.393451996,59.54198473,0.649301118,12.97709924,0.272598999,2.671755725,0.815999655,0.763358779,0.168186148,4.13618357,0.553655995,>85 ka
200.8521647,-0.172146067,0.166265907,0.623378895,0.382337133,58.82352941,0.634698831,20.76124567,0.4888927,1.038062284,0.386951012,2.422145329,0.33847587,4.063976018,0.535936352,>85 ka
201.5429769,-0.165860925,0.174695272,0.603158659,0.374430068,60.58394161,0.670087359,13.86861314,0.294987074,0,0.148747214,1.459854015,0.231890643,4.453844546,0.629890062,>85 ka
202.1768719,-0.120506086,0.243277234,0.602597271,0.374211273,75.44483986,0.894190139,10.3202847,0.211290706,0.711743772,0.299976149,2.491103203,0.346797476,2.837707264,0.251760249,>85 ka
202.8239908,-0.103637561,0.272075479,0.624176321,0.382649997,70.96774194,0.842649828,9.677419355,0.19776997,0.716845878,0.301266815,2.150537634,0.306491506,3.916841121,0.499645957,>85 ka
203.2978143,-0.074140023,0.326183515,0.646427301,0.39141018,52.43055556,0.49853019,25.34722222,0.622542176,1.041666667,0.387954348,3.125,0.426294993,5.65771682,0.859228354,>85 ka
203.9542913,-0.081677475,0.311940646,0.671519628,0.401355276,51.30111524,0.474020668,23.42007435,0.567213082,1.115241636,0.408589612,1.858736059,0.273705176,5.898427597,0.889877867,>85 ka
205.0455748,0.041722339,0.564564432,0.657313305,0.395716443,45.8041958,0.357780573,30.06993007,0.746114205,0,0.148747214,2.797202797,0.38458504,4.420091265,0.621972767,>85 ka
205.7305114,0.092357251,0.666570069,0.616771169,0.379747618,38.84615385,0.228690483,33.84615385,0.826976698,1.538461538,0.530471694,7.692307692,0.905585371,4.319010726,0.597967178,>85 ka
206.4134954,0.10742614,0.695041248,0.572796991,0.362656706,42.24806202,0.288429127,26.35658915,0.650621892,0,0.148747214,6.589147287,0.829396179,3.061430529,0.297897374,>85 ka
207.0463004,0.102497034,0.685846556,0.544149188,0.351665537,43.97163121,0.321268251,21.9858156,0.525095092,1.063829787,0.394140008,7.446808511,0.891292406,3.013165546,0.287624608,>85 ka
207.7655751,0.136547311,0.746741717,0.535540926,0.348386435,65.2173913,0.755651083,8.695652174,0.1781592,0,0.148747214,0,0.112748849,1.913573933,0.107288851,>85 ka
208.3501321,0.14619389,0.762791735,0.549094173,0.353554227,63.53383459,0.725991789,4.887218045,0.114147042,0.751879699,0.310195914,1.127819549,0.199985797,6.276958299,0.927885292,>85 ka
208.9584268,0.161152384,0.786535301,0.58424824,0.367082618,28.22299652,0.093175715,28.22299652,0.700339662,1.742160279,0.588823726,15.33101045,0.999933957,3.184437763,0.324804352,>85 ka
209.7440145,0.156948956,0.780006953,0.658033764,0.396001897,26.82291667,0.081106888,47.65625,0.975361224,0.520833333,0.25358903,10.15625,0.983130956,4.70537421,0.686970006,>85 ka
211.2732889,0.179540903,0.813736743,0.789014058,0.448674841,39.92094862,0.246779656,26.87747036,0.664807161,1.185770751,0.428612278,1.976284585,0.286702723,3.441118262,0.383844417,>85 ka
212.162793,0.177949422,0.811471075,0.781671869,0.445689007,28.35820896,0.094408067,47.1641791,0.973177966,0.298507463,0.20473054,3.582089552,0.485756608,5.337334622,0.810168064,>85 ka
213.046104,0.17562498,0.808131561,0.700902609,0.413082235,31.1023622,0.122068541,45.66929134,0.965534126,0.787401575,0.319365091,2.362204724,0.331305795,3.97871094,0.514922981,>85 ka
213.898345,0.166944556,0.795343575,0.591512116,0.369899336,27.45098039,0.086366372,51.82072829,0.988545287,0,0.148747214,1.960784314,0.284972198,4.259453964,0.583641534,>85 ka
214.846897,0.170016133,0.799925513,0.480240068,0.327599451,32.03125,0.132608865,50,0.983820627,0.390625,0.224260222,3.515625,0.477058767,3.246063842,0.338648585,>85 ka
215.826446,0.177797043,0.811253256,0.423728294,0.306896048,27.75800712,0.089028445,46.97508897,0.972297095,0.355871886,0.216770889,5.338078292,0.705725998,3.724490783,0.452254145,>85 ka
216.8111492,0.171791011,0.802544793,0.424360975,0.307124619,34.54545455,0.164215342,38.54545455,0.901595627,1.454545455,0.506166881,5.090909091,0.677160448,4.450955819,0.629214567,>85 ka
218.1300624,0.156531455,0.779352337,0.468944438,0.323415914,33.85214008,0.155047889,35.79766537,0.861475558,0.778210117,0.316981606,4.6692607,0.626011246,4.32504432,0.599411512,>85 ka
218.9179998,0.163853379,0.790669955,0.495444157,0.333264825,30.76923077,0.118435748,40.38461538,0.923217927,0.769230769,0.314660434,3.076923077,0.420113601,3.959093165,0.510080224,>85 ka
219.7423686,0.182766818,0.8182772,0.505859189,0.337167865,38.42975207,0.221887642,33.05785124,0.811608591,0,0.148747214,2.066115702,0.29682872,3.649209568,0.433852794,>85 ka
220.8791846,0.168046826,0.796994991,0.493492888,0.332535574,32.29571984,0.135721282,35.79766537,0.861475558,0.389105058,0.223929631,3.891050584,0.526211452,4.695400123,0.684779103,>85 ka
221.6744864,0.16204342,0.787904522,0.479835165,0.327449109,31.66023166,0.128325965,41.31274131,0.932655842,0.386100386,0.223276923,3.474903475,0.4717349,3.241514678,0.337618842,>85 ka
222.5724377,0.167723007,0.796510674,0.473329527,0.325037397,39.75409836,0.243922203,28.68852459,0.712223609,2.049180328,0.672810442,4.098360656,0.553230938,4.551196133,0.652408415,>85 ka
223.6409998,0.180523007,0.815126434,0.495285251,0.333205413,36.84210526,0.197035182,31.57894737,0.780591334,1.127819549,0.412144532,3.007518797,0.411225117,4.662883308,0.677591554,>85 ka
224.9973432,0.172031137,0.80289756,0.557048873,0.35660001,33.69175627,0.152976272,27.24014337,0.674548383,1.433691756,0.500119904,4.301075269,0.579415473,6.053299914,0.90687557,>85 ka
226.3691001,0.150125788,0.769169728,0.598741681,0.372709697,39.01515152,0.231484491,31.81818182,0.785798963,0.757575758,0.3116585,3.787878788,0.512711726,4.672460176,0.679715499,>85 ka
227.394549,0.133308557,0.741227784,0.582982244,0.366592428,37.890625,0.213253924,30.078125,0.746308819,0,0.148747214,7.03125,0.863671569,4.334215498,0.601604321,>85 ka
228.4345742,0.115739632,0.710271465,0.530109333,0.346323202,31.92307692,0.131350108,34.23076923,0.834176338,1.153846154,0.419523097,3.846153846,0.520339631,5.218804627,0.789629368,>85 ka
229.4504559,0.116056416,0.710844685,0.456471279,0.318822076,37.68656716,0.210037897,31.71641791,0.78359262,0.746268657,0.308758087,2.611940299,0.361557305,4.845522906,0.717030839,>85 ka
230.5174266,0.130013055,0.735554135,0.3706903,0.288008557,36.75417661,0.195709875,37.23150358,0.883619969,0,0.148747214,1.193317422,0.20606159,4.812586295,0.710091851,>85 ka
231.6038063,0.089456985,0.660971625,0.2904481,0.260523432,37.23849372,0.203076892,35.9832636,0.864493594,0.418410042,0.230352161,4.184100418,0.564341086,4.017190983,0.524414939,>85 ka
232.6894291,-0.148404144,0.199500102,0.233882461,0.24199353,37.16475096,0.201944614,43.67816092,0.952663061,0.383141762,0.222635277,1.53256705,0.239237856,4.133330155,0.552957564,>85 ka
233.8180523,-0.155492068,0.189183156,0.214174325,0.235709533,34.68634686,0.166120437,33.57933579,0.821866885,0.73800738,0.306646468,2.95202952,0.404151111,4.641101132,0.67273918,>85 ka
235.0305466,-0.85830326,2.12E-06,0.229005352,0.240430039,37.84860558,0.212589345,33.46613546,0.819670544,1.195219124,0.431309809,4.38247012,0.589837787,5.437291548,0.826493126,>85 ka
235.5497871,-0.969551219,1.06E-07,0.242291931,0.244702318,35.31746032,0.174828518,37.6984127,0.890257062,1.19047619,0.429955282,2.380952381,0.3335419,6.271507936,0.927420624,>85 ka
236.1819469,-0.385743375,0.017900902,0.261089158,0.250815689,34.52380952,0.163923926,44.84126984,0.960581674,3.571428571,0.939929141,0,0.112748849,1.446803978,0.063002767,>85 ka
236.1819469,-0.385743375,0.017900902,0.261089158,0.250815689,41.05691057,0.266700963,25.20325203,0.618479637,3.25203252,0.906918652,9.349593496,0.968436007,2.361347344,0.16755629,>85 ka
237.3493261,-0.003236352,0.469978219,0.294893634,0.262010065,32.96296296,0.143794759,34.81481481,0.844733187,0.740740741,0.307344422,2.592592593,0.359179469,4.644165836,0.67342369,>85 ka
238.4662173,0.042317443,0.565803775,0.313192092,0.268174719,24.5210728,0.063883336,43.29501916,0.949791509,2.681992337,0.817972506,4.597701149,0.617075059,2.519422923,0.193243662,>85 ka
239.4854081,0.122166338,0.721794825,0.306290232,0.265840971,14.13043478,0.018372136,48.1884058,0.977552504,2.898550725,0.856579564,10.50724638,0.987404216,4.81643834,0.710907495,>85 ka
240.9727975,0.031673614,0.543551118,0.260822569,0.250728425,31.81818182,0.130137397,32.42424242,0.798665228,2.424242424,0.764333597,10.3030303,0.985049131,5.693525051,0.864121898,>85 ka
243.1297461,0.01019248,0.498295487,0.177794798,0.224349863,47.5177305,0.393149601,18.43971631,0.420753416,2.836879433,0.846195006,2.836879433,0.389573363,4.076635739,0.539049203,>85 ka
244.7626206,-0.049474713,0.374494768,0.15167005,0.21638773,54.78927203,0.549625445,6.130268199,0.132939347,2.298850575,0.735380244,0,0.112748849,3.781767124,0.466325692,>85 ka
246.4408634,-0.091108872,0.294509359,0.168515073,0.221502774,65.66523605,0.763239007,6.008583691,0.131010856,0,0.148747214,0,0.112748849,1.847866602,0.09996444,>85 ka
247.6127349,-0.16475797,0.176202021,0.191606671,0.228625671,37.02290076,0.19977724,32.44274809,0.79905066,1.526717557,0.527075008,0,0.112748849,4.495851706,0.639666723,>85 ka
250.6495627,-0.269431564,0.068935652,0.216192364,0.236348827,57.53968254,0.608125501,15.47619048,0.337357505,0,0.148747214,0,0.112748849,2.893607956,0.262925037,>85 ka
252.3769928,-0.280092902,0.061758963,0.181519109,0.225498325,36.99186992,0.199304982,17.07317073,0.381599062,0,0.148747214,3.25203252,0.442711379,2.724631551,0.229964423,>85 ka
254.5142109,-0.254662576,0.079918186,0.126397718,0.208843372,51.28205128,0.473607551,20.51282051,0.481549912,2.564102564,0.794454079,0,0.112748849,3.002542625,0.285386298,>85 ka
256.9176955,-0.285301257,0.058471901,0.107534192,0.203314576,63.07053942,0.71752852,13.69294606,0.290509235,1.244813278,0.445518771,1.244813278,0.210914485,2.370188023,0.168932073,>85 ka
259.3034215,-0.243784118,0.088818881,0.143953465,0.214067587,69.23076923,0.81881388,19.23076923,0.443809829,3.846153846,0.960273726,0,0.112748849,1.227710706,0.047888372,>85 ka
262.2673932,-0.26402615,0.07281182,0.195345676,0.229790996,80.78291815,0.938184259,6.40569395,0.137376281,0,0.148747214,0,0.112748849,1.77356704,0.092130057,>85 ka
264.3902859,-0.143727251,0.206489441,0.20272795,0.232101544,71.79487179,0.85324067,10.25641026,0.209923551,0,0.148747214,0,0.112748849,1.091833682,0.040076306,>85 ka
266.3895054,-0.095477789,0.286589933,0.192725915,0.228974154,48.64864865,0.417006876,18.91891892,0.434693262,0,0.148747214,0,0.112748849,3.119363413,0.310443979,>85 ka
268.8333573,-0.172194305,0.166202245,0.172312241,0.222665269,70,0.829636064,15,0.324557814,2.5,0.780942089,0,0.112748849,1.626510184,0.077979806,>85 ka
270.7392771,-0.192811548,0.140434786,0.157421229,0.218126362,61.01083032,0.678458497,19.13357401,0.44096502,1.444043321,0.503121652,1.444043321,0.230309866,2.311514853,0.159936839,>85 ka
272.9204713,-0.173404753,0.164609916,0.143067758,0.213802211,55.98455598,0.575259905,17.37451737,0.390144837,0,0.148747214,0,0.112748849,2.519422923,0.193243662,>85 ka
275.989686,-0.103007603,0.273182891,0.128920016,0.209589299,49.45848375,0.434286115,27.79783394,0.68929592,1.083032491,0.399521163,0.722021661,0.164796858,4.27015805,0.586225066,>85 ka
278.6970838,-0.050507381,0.372425603,0.121668982,0.207449149,49.04942966,0.425540376,32.69961977,0.804354885,1.520912548,0.525395296,2.661596958,0.367684438,2.69195717,0.223868804,>85 ka
281.9193507,0.128859067,0.733552528,0.117646744,0.206267572,54.96183206,0.553341646,22.13740458,0.529568249,0.763358779,0.313146462,3.816793893,0.51649732,4.492750169,0.638947901,>85 ka
285.6165704,0.085758752,0.653781099,0.116645039,0.205973932,45.31835206,0.347955897,24.34456929,0.593992141,1.872659176,0.625279775,1.123595506,0.199597694,4.116516269,0.548838761,>85 ka
293.5723511,-0.024452916,0.425602339,0.113291014,0.204992538,49.81132075,0.441855999,27.16981132,0.672668332,1.886792453,0.629167955,4.150943396,0.560050128,4.838943971,0.7156512,>85 ka
299.0113763,0.069894057,0.622331065,0.101640113,0.201605127,43.18181818,0.306024917,23.10606061,0.558040061,1.515151515,0.523727861,9.848484848,0.978418057,1.798340683,0.094690097,>85 ka
303.6235281,0.109374536,0.698642502,0.088649276,0.19786795,42.21311475,0.287779935,12.70491803,0.2659359,0,0.148747214,6.147540984,0.790098207,2.546765794,0.197919037,>85 ka
310.4643337,0.06110542,0.604536884,0.072399842,0.193252718,45.83333333,0.358372873,25,0.612722095,3.03030303,0.877147655,1.515151515,0.237466623,6.465117231,0.942568489,>85 ka
318.1947354,-0.055470392,0.362533432,0.068577003,0.192176562,32.14285714,0.133916266,10.71428571,0.2198384,0,0.148747214,7.142857143,0.871522056,1.800609771,0.094927174,>85 ka
333.7526212,-0.130390648,0.227200323,0.096131176,0.200015191,38.39662447,0.221351438,15.18987342,0.329637746,4.219409283,0.97857573,2.109704641,0.301800454,2.743203186,0.233470073,>85 ka
341.2527347,0.027145318,0.534038226,0.115153872,0.20553727,41.08527132,0.267208527,22.48062016,0.539681364,1.162790698,0.42206557,1.162790698,0.203216324,2.341093934,0.164431753,>85 ka
346.2063545,0.162216696,0.788170191,0.128339384,0.209417449,53.55805243,0.523003127,13.8576779,0.294707403,1.872659176,0.625279775,1.872659176,0.275229342,2.334625667,0.163441889,>85 ka
348.954242,0.15747477,0.780829811,0.136732004,0.211909485,33.86454183,0.155208846,30.67729084,0.760323009,2.390438247,0.756704352,3.187250996,0.43432555,5.433344625,0.82586596,>85 ka
354.5662718,0.181994956,0.81719716,0.158170639,0.218353506,29.18149466,0.102171877,25.26690391,0.620277401,3.914590747,0.9643543,3.914590747,0.529287961,2.128280448,0.133897485,>85 ka
359.7280976,0.206254029,0.849219132,0.184950534,0.226559409,31.83520599,0.130333688,31.83520599,0.786166783,2.621722846,0.806166715,0.74906367,0.167009033,4.116516269,0.548838761,>85 ka
362.7388714,0.217756214,0.863011156,0.203881048,0.232463611,18.46689895,0.031974599,43.55400697,0.951747335,3.135888502,0.892066605,2.090592334,0.299615903,3.363442494,0.365616028,>85 ka
366.8609774,0.230527617,0.877285115,0.233585957,0.24189832,40.07633588,0.249456827,34.73282443,0.843278553,3.053435115,0.880533883,0.763358779,0.168186148,4.495851706,0.639666723,>85 ka
370.0007575,0.241096743,0.888282161,0.25903868,0.250144911,38.26714801,0.219262852,25.63176895,0.630531344,5.776173285,0.999202349,3.610108303,0.489425535,4.450955819,0.629214567,>85 ka
373.4070148,0.253035636,0.899834979,0.289160732,0.260093735,27.83882784,0.089739251,30.76923077,0.762435418,3.296703297,0.91220942,9.523809524,0.972285619,6.421917787,0.939424764,>85 ka
376.5939856,0.262076457,0.907984737,0.316246089,0.269210656,43.17343173,0.305864786,30.25830258,0.750567823,0,0.148747214,2.58302583,0.358005718,3.393813496,0.372709776,>85 ka
379.5760635,0.265564842,0.910994412,0.334691843,0.275509955,44.22310757,0.326187276,23.5059761,0.569716376,0,0.148747214,2.788844622,0.383536614,2.533728937,0.195681392,>85 ka
383.0089818,0.218543546,0.863922644,0.340347941,0.277455956,41.02564103,0.266141907,33.33333333,0.817072325,0,0.148747214,5.494505495,0.723178733,4.100207798,0.544838732,>85 ka
386.3934602,0.200360039,0.841805254,0.324720444,0.272095692,38.26714801,0.219262852,23.8267148,0.579037615,2.166064982,0.702861408,2.888086643,0.396038239,4.803927806,0.708254547,>85 ka
388.5564423,0.22771563,0.874235514,0.307269203,0.266171366,43.75,0.31695882,28.125,0.697809966,1.171875,0.424651098,6.25,0.799660371,3.246063842,0.338648585,>85 ka
391.0603813,0.223414433,0.869469281,0.284679301,0.258600781,37.01067616,0.199591113,33.09608541,0.812372862,3.202846975,0.900824596,2.135231317,0.304729283,3.198509572,0.327945187,>85 ka
394.3596316,0.220266893,0.865903234,0.258735389,0.250045776,37.28222997,0.203750225,27.87456446,0.691302076,3.484320557,0.932001128,3.135888502,0.427697535,3.013165546,0.287624608,>85 ka
397.9236796,0.219673613,0.865223643,0.240375839,0.24408369,41.00719424,0.265812383,31.29496403,0.774316208,1.438848921,0.501615391,3.956834532,0.534804378,3.731594501,0.453996484,>85 ka
401.0815271,0.230088666,0.87681252,0.23072051,0.240979252,44.56928839,0.333008396,27.71535581,0.687133196,2.996254682,0.872041919,2.621722846,0.362761626,5.380249971,0.817289543,>85 ka
405.1256936,0.206022244,0.848932019,0.224244722,0.238909211,50.18450185,0.449885467,24.35424354,0.594270283,0,0.148747214,5.535055351,0.727618751,3.217324144,0.332163661,>85 ka
413.4278095,0.200384747,0.841836824,0.222200993,0.23825794,54.88721805,0.551735336,24.06015038,0.585794229,0.751879699,0.310195914,2.631578947,0.363976377,2.865587996,0.257297266,>85 ka
417.5157942,0.192898589,0.83208227,0.227895097,0.240074887,50.90909091,0.465531734,27.27272727,0.675417886,1.090909091,0.401734011,2.545454545,0.353409146,4.281278525,0.588905148,>85 ka
421.5699599,0.049247006,0.580184349,0.239090992,0.243669338,47.9020979,0.401217917,30.06993007,0.746114205,1.048951049,0.389984347,1.398601399,0.225800229,4.785615867,0.704351045,>85 ka
423.8925915,0.079115203,0.640725201,0.246787245,0.246156979,52.63157895,0.502895759,24.43609023,0.596621526,0,0.148747214,3.007518797,0.411225117,4.119282745,0.549516823,>85 ka
426.4007072,0.059746143,0.601764171,0.254000952,0.248500957,54.66101695,0.546860542,25.42372881,0.62469556,2.118644068,0.690820988,2.542372881,0.353033063,3.843456525,0.481528156,>85 ka
430.3547124,0.092665301,0.667162558,0.25842761,0.249945195,33.6996337,0.153077591,40.65934066,0.92611077,1.831501832,0.613885616,5.860805861,0.76195355,3.746118709,0.457561576,>85 ka
433.7587934,0.173284885,0.804733229,0.250346666,0.247312071,30.03533569,0.110703927,44.16961131,0.956152018,1.413427562,0.494243827,6.007067138,0.776561439,4.428347384,0.623914236,>85 ka
440.7188122,0.367065953,0.970213917,0.196825341,0.230253076,30.33707865,0.113837934,34.082397,0.831422217,1.872659176,0.625279775,9.36329588,0.968754002,2.684684523,0.222524647,>85 ka
446.1185634,0.151144783,0.770806891,0.140964263,0.21317273,41.63424125,0.277128327,23.73540856,0.576388363,4.280155642,0.980742842,7.392996109,0.887961624,4.508422003,0.642574979,>85 ka
448.9397915,0.150132218,0.769180079,0.113946284,0.205184053,41.69741697,0.27828136,21.77121771,0.51875736,4.79704797,0.992758547,9.963099631,0.980289217,3.570077794,0.414664315,>85 ka
452.7666869,0.14712238,0.764306527,0.085900505,0.197082587,37.86764706,0.212890355,30.14705882,0.747942762,3.676470588,0.948505445,5.147058824,0.683750404,4.102891919,0.545497398,>85 ka
455.5458831,0.152453726,0.772900311,0.075256318,0.194059232,41.44486692,0.273686089,26.61596958,0.657713475,3.802281369,0.957463551,7.224334601,0.877051301,7.027079523,0.972860789,>85 ka
458.9789493,0.163481558,0.790103588,0.077447134,0.194679187,42.85714286,0.299852879,31.5018315,0.778897307,1.465201465,0.50925636,5.494505495,0.723178733,3.74366799,0.456959779,>85 ka
461.9316084,0.167118525,0.795604745,0.090610295,0.198429394,42.42424242,0.291712375,22.72727273,0.546933735,2.272727273,0.729128322,4.545454545,0.610510734,4.316017638,0.597250188,>85 ka
465.4217588,0.171805358,0.802565881,0.10940524,0.203859036,45.05928854,0.342758076,29.24901186,0.726229072,2.766798419,0.833804564,3.162055336,0.431071777,4.524515958,0.646286392,>85 ka
468.6721162,0.148739695,0.766932321,0.122352881,0.207650449,46.26038781,0.367092351,19.66759003,0.456628844,6.094182825,0.999647875,5.540166205,0.728175845,7.13208871,0.976683449,>85 ka
472.1177851,-0.034096538,0.405705548,0.130924877,0.21018332,68.19787986,0.803621339,14.48763251,0.311013834,1.060070671,0.393088921,0,0.112748849,1.948472849,0.111332813,>85 ka
475.7131874,-0.09129497,0.294169973,0.135646567,0.211586211,87.45519713,0.971474587,5.734767025,0.12674227,0,0.148747214,0.358422939,0.136903975,2.667132523,0.219299648,>85 ka
478.8489627,-0.119836074,0.244388803,0.137424374,0.212115844,86.87943262,0.969367553,6.028368794,0.131323093,0,0.148747214,0,0.112748849,0.710779905,0.023533036,>85 ka
481.3799366,-0.145683494,0.20354847,0.1379992,0.212287258,88.21548822,0.974070871,5.723905724,0.126574971,0,0.148747214,0,0.112748849,0.878158627,0.029912316,>85 ka
483.4569742,-0.163626596,0.177756111,0.138304319,0.212378278,81.25,0.941224298,6.25,0.134855879,6.25,0.999768398,0,0.112748849,0.72134752,0.023898833,>85 ka
486.4677485,-0.176304185,0.160836092,0.139121376,0.212622126,81.9112628,0.945326042,13.99317406,0.298181333,0,0.148747214,0,0.112748849,0.704203952,0.023307797,>85 ka
488.4292066,-0.175525759,0.16184368,0.140270141,0.212965248,75.35714286,0.893314634,12.5,0.260974455,0,0.148747214,1.428571429,0.228768813,1.064813493,0.03865357,>85 ka
489.8960573,-0.210147377,0.120981985,0.141625067,0.213370362,80.40540541,0.935638626,10.47297297,0.214579874,1.013513514,0.380137885,1.013513514,0.189643955,2.637605943,0.213935499,>85 ka
492.6424726,-0.153472882,0.192088212,0.146086758,0.214707551,71.21771218,0.845902216,17.71217712,0.39978368,1.10701107,0.406267437,2.21402214,0.313848021,1.606535007,0.0761924,>85 ka
495.7764888,-0.212723507,0.118261512,0.157430731,0.218129241,69.28327645,0.819566011,19.11262799,0.440352344,1.706484642,0.578707593,2.730375427,0.376226636,2.288662844,0.156519741,>85 ka
498.1037237,-0.130605163,0.22685819,0.172766921,0.222804701,73.18007663,0.869883182,11.49425287,0.237331894,1.915708812,0.637081729,3.831417625,0.518411329,1.257970047,0.049784256,>85 ka
500.2011667,-0.153718358,0.191733589,0.191586602,0.228619425,78.0669145,0.918017536,11.89591078,0.246630312,0,0.148747214,0,0.112748849,1.608662072,0.076381236,>85 ka
501.5618704,-0.257319588,0.077850379,0.203993307,0.232498877,67.39130435,0.791236987,15.2173913,0.330376611,0.724637681,0.303242695,1.449275362,0.230832305,2.846772033,0.253553551,>85 ka
502.3471329,-0.231540174,0.099696763,0.210485928,0.234543555,48.31932773,0.410023877,25.21008403,0.618672722,2.521008403,0.78542571,5.462184874,0.719614573,4.57200531,0.657155939,>85 ka
503.3219167,-0.24359775,0.08897755,0.217313542,0.236704417,71.04247104,0.84362683,17.37451737,0.390144837,0,0.148747214,0,0.112748849,0.899793901,0.030832991,>85 ka
504.8294082,-0.258103742,0.077247943,0.224132075,0.238873289,61.45038168,0.686984225,25.57251908,0.628872305,0.763358779,0.313146462,0.763358779,0.168186148,1.616279308,0.077060399,>85 ka
506.2599866,-0.233108313,0.098251598,0.227037504,0.239800753,49.80988593,0.44182517,25.09505703,0.615417959,3.802281369,0.957463551,4.562737643,0.612685797,4.127667661,0.55157107,>85 ka
507.4645464,-0.251193438,0.082680201,0.228125135,0.240148449,45.16129032,0.344801143,22.58064516,0.542624147,0,0.148747214,3.225806452,0.43931316,2.912066762,0.266666548,>85 ka
508.4682961,-0.276959529,0.063804908,0.228911744,0.240400085,46.9924812,0.382198449,24.43609023,0.596621526,3.759398496,0.954563513,3.759398496,0.508981937,3.586833314,0.418711979,>85 ka
510.0154873,-0.204654701,0.126928685,0.230827088,0.241013402,41.54411765,0.27548752,30.51470588,0.756562502,3.308823529,0.913605479,5.147058824,0.683750404,3.032572288,0.291735009,>85 ka
511.7598644,0.058152129,0.598506082,0.233666216,0.24192409,58.93536122,0.636985272,30.03802281,0.745355722,1.901140684,0.633101823,0.760456274,0.167946714,2.512493359,0.192069565,>85 ka
512.8654944,0.184213325,0.820290469,0.235551204,0.242529755,53.78787879,0.527984008,28.03030303,0.69535638,1.893939394,0.631129156,4.166666667,0.562085839,2.51078332,0.1917805,>85 ka
513.9651174,0.254203995,0.900916885,0.23729298,0.243090133,52.0295203,0.48982206,21.03321033,0.496935481,2.95202952,0.865192619,4.79704797,0.64179899,4.822787599,0.712249546,>85 ka
515.1658384,0.277845249,0.921007296,0.238848216,0.243591087,59.7826087,0.654144048,23.91304348,0.581539158,2.536231884,0.78864111,2.173913043,0.309191374,2.313002277,0.160160934,>85 ka
516.5034882,0.252820227,0.899634571,0.239898297,0.243929642,51.07913669,0.469212225,24.10071942,0.586965943,1.438848921,0.501615391,5.395683453,0.712211989,4.086984453,0.541592042,>85 ka
518.3982098,0.154459645,0.776087402,0.239591223,0.243830613,57.36434109,0.604453612,25.96899225,0.639926782,1.937984496,0.643138626,5.426356589,0.71563782,3.42399342,0.379801926,>85 ka
520.0556902,0.03945814,0.559843392,0.237000057,0.242995843,21.75438596,0.047106995,51.22807018,0.98715948,2.105263158,0.687385312,2.807017544,0.385817251,3.007524554,0.286434985,>85 ka
521.9997807,-0.087725904,0.300710101,0.230400217,0.240876639,78.36065574,0.92041221,5.573770492,0.124278159,0.655737705,0.285976074,0.983606557,0.1869934,5.072565941,0.762572504,>85 ka
524.0494582,-0.169607637,0.169638201,0.218319157,0.237023605,75.17730496,0.891502931,7.092198582,0.148871653,0,0.148747214,1.418439716,0.227762806,2.658675482,0.217755394,>85 ka
525.6292059,-0.182317644,0.153190645,0.204756702,0.232738772,82.22222222,0.947174992,5.925925926,0.129711949,0,0.148747214,1.111111111,0.198453286,1.964839392,0.11326644,>85 ka
527.2799836,-0.139870389,0.212360965,0.186045984,0.226898743,73.75886525,0.876434505,7.092198582,0.148871653,0,0.148747214,2.836879433,0.389573363,2.668848781,0.219613803,>85 ka
529.8222726,-0.175146406,0.162336199,0.148305886,0.215374444,77.17391304,0.910404164,10.86956522,0.223260898,0.362318841,0.218149187,1.086956522,0.196250375,3.026649957,0.290477744,>85 ka
533.2662048,-0.232407972,0.098895111,0.094487688,0.199542327,69.28571429,0.819600883,10.71428571,0.2198384,1.428571429,0.498635098,1.071428571,0.194842079,3.726847226,0.452832013,>85 ka
536.8581995,-0.237787788,0.094030394,0.061199049,0.190110008,58.90909091,0.636448601,22.54545455,0.54158908,1.090909091,0.401734011,2.909090909,0.398698418,3.026649957,0.290477744,>85 ka
541.827617,-0.218561646,0.112257077,0.062551479,0.190487796,57.14285714,0.599802188,21.9047619,0.522701987,1.26984127,0.452717256,3.80952381,0.51554564,3.824375872,0.476822097,>85 ka
548.626539,-0.144110217,0.205911725,0.085977246,0.197104487,68.94197952,0.814642145,15.35836177,0.334172047,0.682593857,0.292650659,0.682593857,0.161605634,3.172743585,0.322203636,>85 ka
554.7736077,-0.187418867,0.146896927,0.055864479,0.188624343,57.51879699,0.607688627,22.55639098,0.541910786,1.503759398,0.520429408,1.503759398,0.236311902,3.761084245,0.461238569,>85 ka
561.1828571,-0.166939157,0.17323023,0.008495308,0.175748064,53.55805243,0.523003127,24.71910112,0.604724304,3.370786517,0.920484245,1.498127341,0.235742173,3.937537301,0.504757352,>85 ka
566.5646998,-0.028349963,0.417536068,0.042010163,0.184799507,60.50724638,0.668574167,18.84057971,0.432408361,0.724637681,0.303242695,2.536231884,0.352284051,3.380541789,0.36960443,>85 ka
570.3231885,0.010370423,0.498671088,0.121371411,0.207361598,57.62081784,0.609821353,29.36802974,0.729159112,0,0.148747214,5.576208178,0.732088327,1.072441381,0.03905098,>85 ka
576.3055194,0.169823013,0.799639261,0.178550972,0.224582775,60.94890511,0.677249641,14.59854015,0.313924778,0,0.148747214,2.554744526,0.35454375,3.034566125,0.292158855,>85 ka
581.3353195,0.161992056,0.787825733,0.086311638,0.197199933,58.48375451,0.627722894,14.07942238,0.300402287,1.444043321,0.503121652,1.444043321,0.230309866,2.49577866,0.189255557,>85 ka
583.3797094,0.157360186,0.780650647,0.078012099,0.194839255,33.88235294,0.155440201,36,0.864763514,1.882352941,0.627948008,2.823529412,0.387892862,6.291125427,0.929082435,>85 ka
586.9619002,0.161294147,0.786753487,0.138611859,0.212470043,26.25899281,0.076593768,47.12230216,0.972984926,2.158273381,0.700897845,3.956834532,0.534804378,4.442374406,0.627205561,>85 ka
589.2959677,0.153285354,0.774224731,0.134089806,0.211123067,43.88489209,0.319578773,28.41726619,0.705325982,2.158273381,0.700897845,6.115107914,0.787016329,2.848611724,0.253918319,>85 ka
589.9355298,0.153124371,0.773968697,0.126462759,0.208862587,32.80632411,0.141870966,33.99209486,0.829731695,1.976284585,0.653468039,3.557312253,0.482513129,4.3466757,0.604578382,>85 ka
580.8031693,0.163067745,0.789472202,0.094303251,0.199489303,26.80412371,0.080953323,44.32989691,0.957244004,1.374570447,0.482980882,2.405498282,0.336478536,5.117863796,0.771151728,>85 ka
575.6056982,0.156043026,0.778585095,0.184012535,0.226269076,29.390681,0.104216568,45.51971326,0.964679388,3.225806452,0.903704625,0.716845878,0.164375626,3.384921855,0.37062836,>85 ka
575.0943955,0.147277225,0.76455863,0.185303861,0.226668827,28.46441948,0.095384487,47.56554307,0.974970367,1.123595506,0.410949863,1.123595506,0.199597694,5.731175993,0.869140251,>85 ka
575.9807906,0.162787377,0.789043789,0.181624093,0.225530747,38.80597015,0.228028931,35.82089552,0.861855794,2.985074627,0.870333702,2.23880597,0.316740369,3.761084245,0.461238569,>85 ka
577.1416459,0.160151309,0.784990858,0.167007112,0.221042079,40.50179211,0.256865296,29.390681,0.729714974,2.150537634,0.698942552,1.433691756,0.229278173,4.261960113,0.584246745,>85 ka
579.9048126,0.164018304,0.790920884,0.111041313,0.204335832,31.22807018,0.123459514,35.78947368,0.861341304,2.105263158,0.687385312,3.859649123,0.522105134,3.538264181,0.407004259,>85 ka
581.8761389,0.160698558,0.785835948,0.080224284,0.195466792,28.35820896,0.094408067,27.23880597,0.674512674,0,0.148747214,6.71641791,0.839785435,3.756045234,0.460000111,>85 ka
584.5149451,0.156676839,0.779580417,0.093283877,0.199196394,51.90839695,0.487192737,17.9389313,0.406291454,1.908396947,0.635086,1.908396947,0.279160585,3.24378324,0.338132199,>85 ka
586.9104846,0.16106441,0.786399836,0.137977137,0.212280677,27.62645914,0.087880476,33.85214008,0.827090259,0,0.148747214,10.11673152,0.982579891,3.248356598,0.339168028,>85 ka
589.604319,0.152701746,0.773295756,0.130423014,0.21003453,32.1299639,0.13376478,34.65703971,0.841926065,0,0.148747214,7.942238267,0.918661639,3.741229418,0.456361062,>85 ka
592.2164086,0.154154583,0.775604352,0.116412621,0.205905836,46.18181818,0.365482828,17.81818182,0.402822636,1.454545455,0.506166881,8.727272727,0.950928534,4.094879353,0.543530802,>85 ka
594.8900882,0.129027032,0.733844341,0.147416938,0.215107153,47.56554307,0.394150824,16.85393258,0.375417577,0,0.148747214,3.370786517,0.45814799,2.863663491,0.256913043,>85 ka
597.8378042,0.147141792,0.76433814,0.20507935,0.232840205,48.4,0.411731924,12.8,0.268254134,3.2,0.900463128,3.2,0.43597367,4.900725516,0.728478735,>85 ka
600.3539627,0.154333301,0.775887415,0.246889634,0.246190165,57.37704918,0.604720053,6.967213115,0.146732302,2.459016393,0.772042041,3.278688525,0.446169631,4.183972376,0.565326873,>85 ka
602.626496,0.126632729,0.729669382,0.25854914,0.249984908,51.86721992,0.486298994,13.2780083,0.280060549,1.244813278,0.445518771,4.149377593,0.559847314,2.734832334,0.231886302,>85 ka
604.5963601,0.112935075,0.705173526,0.235034675,0.242363707,60.60606061,0.670523251,7.792207792,0.161237293,3.463203463,0.929962574,2.164502165,0.308103164,2.939869898,0.272352463,>85 ka
612.1575668,0.035994809,0.5526058,0.101908724,0.201682844,83.45588235,0.95402636,3.676470588,0.09774101,1.838235294,0.615756762,1.838235294,0.271468582,1.070319631,0.038940105,>85 ka
622.9011415,0.042800383,0.566809054,0.26139353,0.25091534,81.6254417,0.943581781,0,0.0585446,1.413427562,0.494243827,0,0.112748849,1.594205058,0.075104769,>85 ka
631.3992801,-0.20710997,0.124245779,0.229515004,0.240593164,82.87671233,0.950904365,1.712328767,0.074911781,1.712328767,0.580368496,0,0.112748849,1.761570142,0.090908904,>85 ka
636.4727545,0.037158953,0.55504068,0.300581496,0.263918466,76.13636364,0.900912396,6.818181818,0.14420845,1.136363636,0.4145635,1.515151515,0.237466623,2.869466651,0.258072538,>85 ka
