"","hunting","gathering","fishing","MAT","MATseas","TAP","TAPseas","lon","lat"
"Punan_(Borneo)",0.300062296037829,0.650062296037829,0.0500622960378294,1.28507687841847,-1.56015260427787,4.03649903957526,-1.57345560905864,114,3
"Batek_Phillipines",0.300020148940953,0.650020148940953,0.0500201489409526,1.3664138951817,-1.47792990896319,1.18586870382548,0.167593823292836,119.11,10
"Kubu-(Ridan)",0.250038364126345,0.700038364126345,0.0500383641263453,1.2579645394974,-1.54499978127426,2.4084612578323,-1.01780153490392,102.69,-3.04
"Shompen",0.150104605511208,0.500104605511208,0.350104605511208,1.40256368040981,-1.48513371006327,1.73522195992476,-0.795539905242025,93.77,7
"Onge",0.200004327709237,0.350004327709237,0.450004327709237,1.33930155626063,-1.48140760604598,2.35465216896608,0.130550218349187,92.47,10.7
"Jarwa",0.200103003996156,0.500103003996156,0.300103003996156,1.37545134148873,-1.45457965712156,2.68501494712146,0.649160687560266,92.37,12.19
"Ayta-Pinatubo",0.080103684811358,0.870103684811358,0.050103684811358,1.2579645394974,-1.39620402751748,2.50356569396794,1.61229441609513,120.33,15.5
"Andamanese_North",0.350086505466574,0.600086505466574,0.0500865054665738,1.38448878779576,-1.43098099834544,2.11188558198827,0.908465922165806,92.89,13.32
"Semang-(Jehai)",0.400176448756396,0.500176448756396,0.100176448756396,1.28507687841847,-1.50053494000136,1.97923992106225,-0.943714325016619,101,5.86
"Vedda-(Rock_Vedda)",0.300151642675536,0.650151642675536,0.0501516426755356,1.42063857302386,-1.30603231029927,1.27221352084336,0.500986267785672,81.25,8.58
"Hill_Pandaran",0.160030968843176,0.820030968843176,0.0200309688431759,0.869354348295296,-1.35223600011356,1.28597863659983,0.130550218349187,77.25,9.25
"Agta_(Casiguran)",0.150052051752148,0.450052051752148,0.400052051752148,0.806092224146117,-1.29410877744397,3.42833119797105,-0.239885831087298,122.13,17.33
"Agta-(Isabela)",0.200163429232217,0.350163429232217,0.450163429232217,0.950691365058527,-1.268026049323,3.05041620174786,-0.0917114113127038,122.05,17.48
"Agta_(Cagayan)",0.350147851647931,0.500147851647931,0.150147851647931,1.35737644887468,-1.19400078284634,1.34604459626445,0.389855452954727,121.8,17.82
"Chenchu",0.100066497215655,0.850066497215655,0.0500664972156546,1.37545134148873,-0.837040017990765,-0.279490437159156,1.46411999632053,78.97,16.25
"Mrabri",0.200004044738123,0.750004044738123,0.0500040447381226,1.23085220057632,-1.0325362754308,0.354956261798324,0.908465922165806,100.47,18.41
"Paliyans",0.140103840179285,0.850103840179285,0.0101038401792855,1.3664138951817,-1.25411526099181,0.11594379729955,0.130550218349187,77.5,9.75
"Birhor",0.350047362120093,0.650047362120093,0.0000473621200930921,1.01395348920771,-0.387920280441097,0.446306575454924,2.2049920951935,84.38,23.41
"Kadar",0.0500723762024457,0.900072376202446,0.0500723762024457,1.05010327443581,-1.30007054387162,0.767909734492543,0.241681033180133,77.17,10.25
"Cholanaickan",0.150045190284206,0.750045190284206,0.100045190284206,1.45678835825196,-1.33385388696164,2.90525679922504,1.24185836665864,76.4,10.18
"Nayaka",0.100125440949302,0.900125440949302,0.000125440949301656,0.950691365058527,-1.18083521531861,-0.205659361738069,1.0566403419404,77.21,11.9
"Ainu_(Hokkaido)",0.150081519702185,0.100081519702185,0.750081519702185,-0.45915025883747,0.817101758747752,0.760401489534466,-0.721452695354728,144.17,44.01
"Orogens",0.650019784422957,0.100019784422957,0.250019784422957,-1.55268126198757,2.43050479823066,-0.517251527498252,1.61229441609513,122.5,51.91
"Ket_(Yenisei-Ostyak)",0.45014890358428,0.0501489035842802,0.50014890358428,-1.44423190630326,2.08919367024767,-0.393365485689986,-0.906670720072971,90,62
"Gilyak",0.120036372953349,0.0300363729533487,0.850036372953349,-1.2454080875487,1.83432815546561,-0.328294029386655,-0.832583510185674,140,51.54
"Yukaghir",0.550028508065546,0.0500285080655463,0.400028508065546,-2.12204037933018,3.15088490823842,-0.808821706703563,-0.388060250861892,145,70
"Nganasan",0.550049635078164,0.0100496350781636,0.440049635078164,-2.22145228870747,1.76825191089249,-0.797559339266448,-0.351016645918243,90,73.83
"Siberian_Eskimo",0.300050412520621,0.0100504125206212,0.690050412520621,-2.22145228870747,2.30928221420176,-0.707460399769528,-0.462147460749189,170.08,65.96
"Paraujano",0.100061595761989,0.300061595761989,0.600061595761989,1.48390069717304,-1.48910822101503,0.662794305079469,-0.0917114113127038,-72.41,9.9
"Shiriana",0.350269843203079,0.600269843203079,0.0502698432030793,1.11336539858499,-1.49283432503231,3.11298490973183,-0.388060250861892,-66.17,3.86
"Akuriyo",0.400056320358365,0.550056320358365,0.0500563203583654,1.22181475426929,-1.46724841078031,1.74398157904251,-0.165798621200001,-55,3
"Yaruro-Pume-Doro-Ana",0.0600462614822387,0.410046261482239,0.530046261482239,1.46582580455899,-1.39024226108983,1.68516699353758,0.945509527109454,-68.77,6.85
"Guahibo",0.20002845057332,0.60002845057332,0.20002845057332,1.52908792870817,-1.39943331766579,2.05807649312205,0.0935066134055387,-68.31,5.38
"Nukak (Macu)",0.110069007829388,0.760069007829388,0.130069007829388,1.42967601933088,-1.35596210413084,2.0981204662318,-0.276929436030946,-71.81,2.56
"Bororo_Rio-Vermelho",0.200116073791925,0.700116073791925,0.100116073791925,1.26700198580442,-1.2098988266534,0.656537434281072,0.575073477672969,-55,-16.52
"Guato",0.100075341038471,0.200075341038471,0.700075341038471,1.31218921733955,-1.11773985395931,0.331180152764415,0.0935066134055387,-57.5,-18
"Siriono",0.500081376733391,0.450081376733391,0.0500813767333907,1.27603943211145,-1.27324259494719,0.665297053398828,0.241681033180133,-63.58,-15
"Yuqui",0.600041112580721,0.350041112580721,0.0500411125807207,1.2579645394974,-1.12866975907667,3.24187644817881,-0.239885831087298,-64.97,-16.46
"Nambikwara",0.200037746895439,0.750037746895439,0.0500377468954387,1.09529050597094,-1.37906394903799,1.40611055592906,0.538029872729321,-59.55,-12.73
"Calusa",0.100031314118998,0.250031314118998,0.650031314118998,1.07721561335689,-0.669613744147581,0.502618412640499,0.31576824306743,-82,26.5
"Guayaki_(Ache)",0.620026625338973,0.300026625338973,0.0800266253389726,0.887429240909347,-0.737428837262105,0.846746306552348,-1.27710676950946,-55.38,-25.7
"Botocudo",0.300141987145485,0.600141987145485,0.100141987145485,0.887429240909347,-1.13115382842152,0.516383528396973,0.79733510733486,-41.86,-18.71
"Heta",0.350077462098747,0.550077462098747,0.100077462098747,0.896466687216373,-0.939880488867735,0.606482467893894,-1.09188874479121,-53.68,-23.52
"Aweikomo-(St.Catarina)",0.600029952227087,0.350029952227087,0.0500299522270868,0.354219908794836,-0.916530237026104,0.804199585123247,-1.536412004115,-50,-28
"Tehuelche",0.65012568831428,0.30012568831428,0.0501256883142799,-0.0705400676353681,-0.212296577759894,-0.92895362603279,-1.35119397939675,-68.7,-46
"Chono",0.200243347366072,0.0502433473660718,0.750243347366072,-0.197064315933727,-0.978880377581948,2.18571665740936,-1.3141503744531,-73.83,-45
"Alacaluf",0.200129858855724,0.0501298588557241,0.750129858855724,-0.323588564232085,-0.989561875764822,3.67985740406662,-1.68458642388959,-74.52,-49.55
"Ona-(Selknam)",0.750079837580955,0.0500798375809549,0.200079837580955,-0.558562168214751,-0.870078140277328,-0.607350466995172,-1.49936839917135,-68.62,-53.9
"Yaghan",0.250082732639459,0.050082732639459,0.700082732639459,-0.757385986969315,-0.992045945109676,0.223561975031982,-1.64754281894594,-68.66,-60
"Aka",0.200016908865694,0.795016908865694,0.000416908865694071,1.21277730796227,-1.48612733780121,0.999413954033241,-0.795539905242025,17,2
"Bayaka",0.0900577210038557,0.903057721003856,0.00705772100385574,1.08625305966391,-1.47917194363562,0.981894715797728,-0.276929436030946,17.76,3.58
"Bambote",0.140016212280161,0.850016212280161,0.0100162122801613,1.15855263012012,-1.41533136147286,0.16099326704801,0.686204292503915,28.26,-6.64
"Baka",0.140129974180357,0.850129974180357,0.0101299741803575,1.14951518381309,-1.4657579691734,0.859260048149142,-0.573278275580134,15.31,2.39
"Efe",0.110075671971535,0.882075671971535,0.00807567197153457,1.14047773750606,-1.47544583961833,1.5375048426954,-0.758496300298377,27.64,2.7
"Mbuti_(Epulu)",0.0900143505943332,0.900014350594333,0.0100143505943332,1.17662752273417,-1.50749033416696,1.12329999584151,-1.01780153490392,28.61,1.54
"Mikea_Madagascar",0.150020711525877,0.850020711525877,0.0000207115258768199,1.14951518381309,-0.9711797626129,-0.285747307957553,1.90864325564431,43.81,-22.32
"Hukwe",0.35010115974517,0.60010115974517,0.0501011597451701,0.896466687216373,-0.7545689157416,-0.221927225813902,2.01977407047526,24.32,-16.93
"Haiom",0.450044068483193,0.550044068483193,0.0000440684831930311,1.02299093551473,-0.714326992354959,-0.616110086112928,1.90864325564431,16.12,-18.65
"Hadza_(Kindiga)",0.400085127663544,0.600085127663543,0.0000851276635435253,0.824167116760168,-1.25187959858144,-0.268228069722041,1.0566403419404,35.32,-3.82
"Dorobo_(Central)",0.550128485135288,0.450128485135288,0.000128485135287535,0.742830099996937,-1.4674968177148,0.033353102760706,-0.610321880523783,36,0
"Sekele",0.350115539457668,0.650115539457669,0.000115539457668508,0.887429240909347,-0.835549576383852,-0.240697838209093,1.76046883586972,19.53,-16.42
"!Kung-Nyae_Nyae_&_Dobe",0.330092257149386,0.670092257149386,0.0000922571493861219,0.914541579830424,-0.646511899240435,-0.581071609641903,1.90864325564431,21.18,-20
"Nharo",0.32500714550173,0.67500714550173,0.00000714550172966968,0.851279455681245,-0.538703289673756,-0.609853215314531,1.46411999632053,21.61,-21.64
"Gwi",0.450032114973361,0.550032114973361,0.0000321149733611562,0.878391794602322,-0.530754267770222,-0.691192535693695,1.20481476171499,23.39,-22.46
"Kua",0.45000029432019,0.55000029432019,0.000000294320190260446,0.851279455681245,-0.555843368153251,-0.689941161534016,1.09368394688405,24.41,-22.88
"!Ko",0.450105284409857,0.550105284409857,0.000105284409856639,0.815129670453142,-0.408786462937873,-0.718722767206643,1.16777115677134,22.2,-23.86
"Auni-Khomani",0.480141585566684,0.520141585566684,0.000141585566683938,0.788017331532066,-0.263468406263893,-0.968997599142533,1.01959673699675,19.82,-27.37
"Xegwi-""batwa""",0.500065376818348,0.400065376818348,0.100065376818348,0.290957784645657,-0.805243930376629,-0.0980411840056361,0.463942662842024,30.32,-26.28
"Xam",0.300253600192145,0.700253600192144,0.00025360019214454,0.453631818172118,-0.517340293308009,-0.878898659645612,-0.795539905242025,19.77,-31.47
"Kaurareg-Queensland",0.0000921115961415104,0.350092111596142,0.650092111596142,1.33930155626063,-1.35919139427915,0.949358987646063,2.01977407047526,142.12,-10.77
"Larikia-No-Territory",0.150140200630469,0.200140200630469,0.650140200630469,1.45678835825196,-1.20840838504649,0.845494932392668,1.79751244081337,130.78,-12.6
"Gunwinggu-No-Territory",0.350091011258117,0.400091011258117,0.250091011258117,1.42063857302386,-1.13686718791469,0.391246112429028,1.98273046553161,134.12,-12.43
"Mirrngadja-No-Territory",0.100106058430303,0.400106058430303,0.500106058430303,1.42063857302386,-1.17288619341507,0.391246112429028,1.90864325564431,135.2,-12.31
"Anbarra-No-Territory",0.100048371254873,0.350048371254873,0.550048371254873,1.41160112671683,-1.15972062588735,0.326174656125697,1.90864325564431,134.73,-12.2
"Gidjingali-No-Territory",0.100270076984992,0.350270076984992,0.550270076984992,1.40256368040981,-1.15251682478727,0.377480996672555,1.94568686058796,134.4,-12.18
"Murngin_(Yolngu)no-Terr",0.350004107149528,0.550004107149528,0.100004107149528,1.40256368040981,-1.10581632110401,0.38749198994999,1.72342523092607,135.84,-12.93
"Jeidji-Forest-R-W-Aust",0.150043354346308,0.600043354346308,0.250043354346308,1.62849983808545,-0.883988928608512,-0.24820608316717,2.01977407047526,128.19,-15.55
"Wikmunkun-Queensland",0.300059527213266,0.500059527213266,0.200059527213266,1.34833900256765,-1.18158043612206,0.805450959282926,2.24203570013715,142,-13.47
"Kakadu-No-Territory",0.200073952611676,0.550073952611676,0.250073952611676,1.42967601933088,-1.07153616414502,0.590214603818061,1.87159965070067,132.95,-13.13
"Nunggubuyu-No-Territory",0.100065634772761,0.300065634772761,0.600065634772761,1.43871346563791,-1.02160637031344,0.263605948141725,1.64933802103878,135.98,-13.76
"Yintjingga-Queensland",0.0500418656655797,0.20004186566558,0.75004186566558,1.33930155626063,-1.12270799264902,0.581454984700305,2.24203570013715,143.5,-14
"Yir-Yoront-Queensland",0.250037912574586,0.650037912574586,0.100037912574586,1.37545134148873,-1.06532599078288,0.378732370832234,2.50134093474269,142.17,-15
"Tiwi-No-Territory",0.25006331006617,0.40006331006617,0.35006331006617,1.42063857302386,-1.27696869896447,1.0932670160092,1.50116360126418,130.87,-11.59
"Kuku-Yalanji-Queensland",0.100145196367639,0.350145196367639,0.550145196367639,1.21277730796227,-1.10482269336606,1.2822245141208,1.39003278643324,145.32,-15.92
"Groote_Eylandt-No-Terr",0.100035976308379,0.300035976308379,0.600035976308379,1.38448878779576,-1.01266372067197,0.403759854025823,1.61229441609513,136.62,-14
"Walmbaria-Queensland",0.0500253952319492,0.250025395231949,0.700025395231949,1.32122666364658,-1.12618568973181,0.427535963059732,1.94568686058796,144.22,-14.34
"Mulluk-No-Terr-Daly-Riv",0.100073246367456,0.300073246367456,0.600073246367456,1.45678835825196,-1.06532599078288,0.47884230360659,1.79751244081337,130.58,-13.58
"Worora-West-Australia",0.300109740238252,0.600109740238252,0.100109740238252,1.47486325086601,-1.16766964779088,0.487601922724346,2.50134093474269,124.72,-15.32
"Lungga-West-Australia",0.350061248583568,0.600061248583568,0.0500612485835685,1.37545134148873,-0.695448065334066,-0.238195089889734,1.90864325564431,127.83,-16.91
"Lardil-Queensland",0.0500108572754784,0.350010857275478,0.600010857275478,1.34833900256765,-0.851199213256434,0.400005731546785,2.3531665149681,139.3,-16.3
"Kaiadilt-Queensland",0.0700689571771312,0.130068957177131,0.800068957177131,1.35737644887468,-0.815428614690532,0.165998763686728,2.42725372485539,139.28,-16.94
"Karadjeri-West-Australia",0.400238588605203,0.550238588605203,0.0502385886052035,1.39352623410278,-0.745377859165639,-0.557295500607994,2.39021011991175,121.21,-18.92
"Mamu-Queensland",0.0700070307679258,0.680007030767926,0.250007030767926,1.05914072074283,-0.941370930474648,2.9628200105703,0.612117082616618,145.84,-17.64
"Kariera-West-Australia",0.100078095664255,0.550078095664255,0.350078095664255,1.37545134148873,-0.493741634531892,-0.763772236955103,1.57525081115148,118.27,-20.88
"Warungu-Queensland",0.420051572895387,0.240051572895387,0.340051572895387,0.896466687216373,-0.837536831859735,0.326174656125697,1.01959673699675,145.61,-18.41
"Djaru-West-Australia",0.300022370147745,0.650022370147745,0.0500223701477453,1.26700198580442,-0.405060358920592,-0.58857985459998,1.39003278643324,130,-19.16
"Walbiri-No-Territory",0.300096308439786,0.700096308439786,0.0000963084397861068,1.23988964688335,-0.32730898842665,-0.629875201869402,1.27890197160229,130.57,-20
"Ngatjan-Queensland",0.150121683543969,0.650121683543969,0.200121683543969,0.815129670453142,-0.942116151278104,1.33102810634829,0.686204292503915,145.56,-17.36
"Mardudjara-West-Austral",0.300259503654564,0.700259503654564,0.000259503654563789,1.2579645394974,-0.174538723718107,-0.881401407964971,0.834378712278509,125.06,-22.79
"Ildawongga-West-Austral",0.200188065260333,0.800188065260332,0.000188065260332482,1.21277730796227,-0.178264827735389,-0.860128047250421,0.31576824306743,127.18,-22.93
"Pintubi-No-Territory",0.350048215300396,0.650048215300396,0.0000482153003957807,1.14951518381309,-0.18745588431135,-0.798810713426128,0.167593823292836,129.44,-22.86
"Undambi-Queensland",0.0500382859587935,0.200038285958793,0.850038285958793,0.769942438918014,-0.810460476000823,0.740379502979595,-0.943714325016619,153.24,-27.28
"Jinibarra-Queensland",0.300051833385883,0.550051833385883,0.150051833385883,0.769942438918014,-0.669862151082066,0.408765350664541,-0.42510385580554,152.87,-27.25
"Karuwali-Queensland",0.350053654162494,0.650053654162494,0.0000536541624935342,1.07721561335689,-0.146717147055739,-0.830095067418114,0.463942662842024,141.64,-24.41
"Alyawara-No-Territory",0.350030744975016,0.650030744975016,0.0000307449750155274,1.02299093551473,-0.193666057673486,-0.7700291077535,0.538029872729321,135.17,-22.27
"Ngatatjara-West-Austral",0.2500515885255,0.7500515885255,0.00005158852550029,0.995878596593655,-0.0816345302205544,-0.890161027082727,-0.758496300298377,127.27,-25.32
"Badjalang-Ns-Wales",0.25002775752176,0.35002775752176,0.40002775752176,0.715717761075861,-0.602295464902028,0.239829839107815,-0.42510385580554,152.78,-29.59
"Pitjandjara-Nt&so-Aust",0.350082250204847,0.650082250204847,0.0000822502048472916,0.733792653689912,-0.10746885140704,-0.761269488635744,-0.869627115129322,130,-26
"Dieri-South-Australia",0.250187233418081,0.550187233418082,0.200187233418081,0.905504133523399,-0.0520741050167876,-0.950226986747341,-0.647365485467431,139.09,-28.54
"So-Arenda-Nt&so-Austral",0.300131364250403,0.650131364250403,0.0501313642504033,0.86031690198827,-0.0923160284034282,-0.826340944939075,-0.758496300298377,135.52,-26.09
"Jankundjara-So.Australia",0.35003967544555,0.65003967544555,0.0000396754455497896,0.77897988522504,-0.130570696314185,-0.857625298931062,-0.795539905242025,131.95,-27
"No-Arenda-No-Territory",0.450073731623185,0.550073731623185,0.0000737316231853329,0.842242009374219,-0.109704513817409,-0.787548345989012,-0.610321880523783,133.76,-23.7
"Ualarai-Ns-Wales",0.350141727011718,0.450141727011718,0.200141727011718,0.806092224146117,-0.138519718217719,-0.599842222037095,-0.795539905242025,147.25,-29.3
"Nakako-West-Australia",0.450006623049864,0.500006623049864,0.0500066230498638,0.797054777839091,-0.158392272976554,-0.895166523721445,-1.20301955962216,128.19,-27.31
"Ooldea-West-Australia",0.450151824475788,0.550151824475788,0.000151824475788133,0.697642868461809,-0.517091886373523,-0.921445381074714,-1.24006316456581,131.81,-30.38
"Barkindji-Ns-Wales",0.250035107319066,0.400035107319066,0.350035107319066,0.643418190619656,-0.244092665374029,-0.836351938216511,-1.4623247942277,142.25,-32.4
"Kaurna-So-Australia",0.200025230036773,0.450025230036773,0.350025230036773,0.48978160340022,-0.560314692973989,-0.666165052500106,-0.832583510185674,138.4,-34.56
"Wongaibon-Ns-Wales",0.350076222818308,0.400076222818308,0.250076222818308,0.580156066470476,-0.167831736487001,-0.617361460272607,-1.4623247942277,146.09,-32.14
"Jaralde-So-Australia",0.150075117492254,0.450075117492254,0.400075117492254,0.40844458663699,-0.635333587188591,-0.727482386324399,-1.12893234973486,139.29,-35.06
"Mineng-West-Australia",0.30010684638484,0.40010684638484,0.30010684638484,0.363257355101862,-0.902122634825949,-0.109303551442751,-0.239885831087298,117.81,-34.95
"Tjapwurong-Sw-Victoria",0.200165854307162,0.350165854307162,0.450165854307162,0.336145016180785,-0.489270309711154,-0.658656807542029,-1.05484513984756,141.38,-35.86
"Bunurong",0.250022694997047,0.350022694997047,0.400022694997047,0.245770553110529,-0.836294797187308,-0.0680082041733293,-1.12893234973486,145.07,-38.93
"Kurnai-Bratauolung",0.300100364629319,0.450100364629319,0.250100364629319,0.110208858505144,-0.631607483171309,-0.113057673921789,-1.57345560905864,147.42,-37.59
"Tasmanians-Oyster-Bay",0.350108888140584,0.250108888140584,0.400108888140584,0.0469467343559649,-0.829587809956202,-0.434660832959408,-1.64754281894594,147.49,-42.62
"Tasmanians-N_West_Coast",0.250212279646661,0.150212279646661,0.600212279646661,-0.124764745477522,-0.946587476098842,1.20213656790131,-0.980757929960268,145.21,-41.38
"Seri",0.100106241344233,0.300106241344233,0.600106241344233,0.968766257672578,-0.214035426301292,-0.961489354184456,0.945509527109454,-112.18,29.59
"Cahuilla_(Desert)",0.250042297403876,0.750042297403876,0.0000422974038762327,1.01395348920771,0.139944455340454,-1.0503369195217,0.0194194035182417,-116.24,33.59
"Cupeno",0.250060245254416,0.750060245254416,0.0000602452544156028,0.191545875268375,-0.12485733682102,-0.505989160061136,0.538029872729321,-116.59,33.26
"Kiliwa",0.1500144924279,0.5500144924279,0.3000144924279,0.652455636926681,-0.303710329650534,-1.01154432057163,0.0935066134055387,-115.25,31.44
"Diegueno_(Southern)",0.250116749002293,0.550116749002293,0.200116749002293,0.381332247715913,-0.364073214730495,-0.682432916575939,0.834378712278509,-116.49,32.44
"Lake_Yokuts",0.200006494642555,0.500006494642555,0.300006494642555,0.254807999417554,-0.155659796697214,-0.517251527498252,1.1307275518277,-119.83,36
"Serrano",0.400147988682024,0.600147988682024,0.000147988682023656,0.417482032944015,0.115848982695367,-0.846362931493947,0.204637428236484,-117,34.52
"Luiseno",0.1500961660497,0.6000961660497,0.2500961660497,0.480744157093195,-0.544416649166921,-0.718722767206643,0.945509527109454,-117.3,33.42
"Wukchumi",0.400034523526278,0.450034523526278,0.150034523526278,0.453631818172118,0.0843013020157167,-0.362081131698,0.908465922165806,-118.96,36.45
"Tubatulabal",0.350089279584589,0.500089279584589,0.150089279584589,-0.486262597758546,-0.162863597797292,-0.36082975753832,0.575073477672969,-118.32,36
"Nomlaki-Western_Wintun",0.300046177814798,0.600046177814798,0.100046177814798,0.381332247715913,0.0708873275535031,-0.29450692707531,0.871422317222157,-122.56,40
"Yokuts-(N.Foothills)",0.250022398478408,0.500022398478408,0.250022398478408,0.435556925558066,0.00654993152177527,-0.667416426659785,0.908465922165806,-120.44,37.44
"Patwin-So.Hill_Wintun",0.300023211089981,0.500023211089981,0.200023211089981,0.417482032944015,-0.0394053513580303,-0.61110458947421,1.0566403419404,-122.05,39.08
"Gabrieleno",0.100003357132288,0.400003357132288,0.500003357132288,0.544006281242374,-0.601053430229601,-0.504737785901457,1.31594557654594,-118,34
"Monachi-Southern",0.300140800381932,0.500140800381932,0.200140800381932,1.01395348920771,0.669051225794432,-1.07161028023625,-0.388060250861892,-117.08,36.6
"Eastern_Pomo",0.150038439298085,0.600038439298085,0.250038439298085,0.0288718417419137,-0.299735818698767,0.29739305045307,1.0566403419404,-122.94,39.03
"Pomo-Clear Lake-S.East",0.100016367483915,0.650016367483915,0.250016367483915,0.2005833215754,-0.13305476565904,0.00457149708807871,1.16777115677134,-122.94,39.12
"Wintu-No.Eastern_Wintun",0.250036754007429,0.350036754007429,0.400036754007429,0.254807999417554,0.0738682107673284,0.769161108652222,0.79733510733486,-122.35,40.9
"Chumash_(St.Barbara_Ca)",0.0500304716890835,0.250030471689083,0.700030471689083,0.182508428961349,-0.395124081541174,-0.345813267622167,1.35298918148959,-119.6,34.63
"Chimariko",0.300101508646342,0.300101508646342,0.400101508646342,-0.0795775139423937,-0.128831847772787,0.213550981754547,0.723247897447563,-123.3,40.85
"Nisenan-So._Maidu",0.30022760246078,0.50022760246078,0.20022760246078,0.381332247715913,-0.0433798623097973,-0.0604999592152526,0.945509527109454,-121.15,39.03
"Salinan",0.200036075913862,0.500036075913862,0.300036075913862,0.2005833215754,-0.793071990586842,-0.551038629809597,1.27890197160229,-120.84,35.47
"South_Pomo-(Santa_Rosa)",0.150062786952027,0.450062786952027,0.400062786952027,0.236733106803503,-0.584161758684591,0.198534491838393,1.27890197160229,-122.88,38.54
"Sinkyone",0.150048098366766,0.400048098366766,0.450048098366766,-0.0343902824072656,-0.596830512343348,1.19963381958195,0.945509527109454,-123.96,40.1
"Lassik",0.200237703787288,0.450237703787288,0.350237703787288,-0.215139208547778,-0.228194621566962,0.437546956337168,0.79733510733486,-123.16,40.18
"Coast_Miwok",0.100046237493281,0.400046237493281,0.500046237493281,0.155396090040272,-0.785868189486765,0.110938300660832,1.24185836665864,-122.88,38.24
"Mattole",0.100010712145189,0.400010712145189,0.500010712145189,-0.00727794348618876,-0.686257008758105,1.19963381958195,0.945509527109454,-124.04,40.17
"Lake_Miwok",0.100057396303199,0.600057396303199,0.300057396303199,0.281920338338631,-0.154417762024787,-0.101795306484674,1.24185836665864,-122.48,38.79
"Yuki_(Proper)",0.150063446942402,0.500063446942402,0.350063446942402,0.0650216269700162,-0.183481373359583,0.271114193099801,1.01959673699675,-123.15,39.7
"Wappo",0.150064926227264,0.550064926227264,0.300064926227264,0.26384544572458,-0.326066953754223,0.134714409694741,1.24185836665864,-122.54,38.59
"North_Pomo_(Kalekau)",0.20004514985131,0.50004514985131,0.30004514985131,-0.0524651750213168,-0.398353371689485,0.516383528396973,1.01959673699675,-123.29,39.34
"Yana_(Northern)",0.250228448223374,0.450228448223374,0.300228448223374,0.101171412198119,0.0140021395563383,0.0546264634752567,0.834378712278509,-122.89,40.38
"Miwok_(Sierra)",0.350086605073436,0.550086605073436,0.100086605073436,0.092133965891093,-0.809963662131852,0.276119689738519,1.16777115677134,-122.77,38
"Tekelma",0.200080963473138,0.350080963473138,0.450080963473138,0.0288718417419137,-0.227449400763505,0.122200668097947,0.723247897447563,-123.48,42.44
"Coast_Yuki",0.150121344110859,0.250121344110859,0.600121344110859,-0.00727794348618876,-0.671352592688979,0.699084155710173,0.945509527109454,-123.74,39.64
"Tolowa",0.100022511079582,0.250022511079582,0.650022511079582,-0.124764745477522,-0.495977296942261,1.08325602273176,0.723247897447563,-123.92,41.87
"Shasta-(Eastern)",0.250024790409113,0.450024790409113,0.300024790409113,-0.278401332696957,-0.0235073075509625,-0.432158084640049,0.167593823292836,-122.7,41.62
"Hupa",0.100224574273235,0.350224574273235,0.550224574273235,0.0469467343559649,-0.28706706504001,0.481345051925949,0.760291502391212,-123.61,40.93
"Tututni-Coastal",0.300125546662328,0.100125546662328,0.600125546662328,-0.206101762240752,-0.574722295174144,0.915571885334718,0.575073477672969,-124.04,42.61
"Karok",0.100037629225461,0.350037629225461,0.550037629225461,-0.25128899377588,-0.232665946387699,0.248589458225571,0.575073477672969,-123.47,41.58
"Atsugewi",0.400042964842899,0.350042964842899,0.250042964842899,-0.585674507135828,-0.0394053513580303,-0.213167606696145,-0.202842226143649,-121.12,40.75
"Wiyot",0.0501053002261847,0.300105300226185,0.650105300226185,0.0107969491278625,-0.991052317371735,0.358710384277363,0.686204292503915,-124.14,40.75
"Maidu_(Mt.)",0.300120526286228,0.500120526286228,0.200120526286228,-0.45915025883747,0.0780911286535808,-0.459688316152997,0.0194194035182417,-120.56,40.28
"Yurok",0.100155729781954,0.200155729781954,0.700155729781954,-0.0163153897932144,-0.802759861031774,1.20964481285939,0.649160687560266,-123.89,41.4
"Achomawi_(Western)",0.400022115350846,0.300022115350846,0.300022115350846,-0.269363886389932,0.057721760025775,-0.577317487162865,-0.42510385580554,-121.19,41.32
"Modoc",0.300161800448037,0.450161800448037,0.250161800448037,-0.39588813468829,0.0530020282705518,-0.693695284013054,-0.721452695354728,-121.31,42
"Klamath",0.200022995925806,0.300022995925806,0.500022995925806,-0.39588813468829,0.0629383056499692,-0.572311990524147,-0.0176242014254068,-121.5,42.62
"Guaicura",0.150114119924981,0.700114119924981,0.150114119924981,0.92357902613745,-0.719791944913639,-0.968997599142533,1.16777115677134,-111.54,25
"Chichimec",0.200110258505881,0.650110258505881,0.150110258505881,0.941653918751501,-0.775186691303891,-0.529765269095046,0.723247897447563,-100,22
"Shoshoni-Death_Valley",0.250008100578994,0.750008100578994,0.00000810057899391876,0.833204563067194,0.62508319839051,-1.05534241616041,-0.536234670636486,-116.81,36.52
"Karankawa",0.150038138140937,0.300038138140936,0.550038138140937,0.905504133523399,-0.162366783928321,0.0496209668365389,-0.758496300298377,-96.91,28.44
"Coahuilenos",0.300020611484174,0.650020611484174,0.0500206114841743,0.679567975847758,-0.425678134482883,-0.746252998719591,0.463942662842024,-102.07,26
"Panamint",0.350059118965938,0.650059118965938,0.0000591189659375594,0.498819049707246,0.483988059602783,-1.00904157225227,-0.276929436030946,-117.33,36.37
"Yavapai_(Northeastern)",0.35005087750129,0.60005087750129,0.0500508775012903,0.616305851698579,0.332956643435638,-0.671170549138824,-0.313973040974595,-110.5,33.37
"Koso_Mt.-Little_Lake",0.400079517608352,0.600079517608352,0.0000795176083515255,-0.0615026213283425,0.145657814833619,-0.790051094308371,0.167593823292836,-117.7,36.12
"Walapai",0.350058152146953,0.650058152146953,0.0000581521469533763,0.815129670453142,0.526217238465307,-0.999030578974839,-0.758496300298377,-114.5,35.95
"Kawaiisu",0.400077699555009,0.600077699555009,0.000077699555009058,0.516893942321297,0.248249878776104,-0.981511340739327,0.538029872729321,-118,35.37
"Saline_Valley",0.40006706299561,0.60006706299561,0.0000670629956102539,0.525931388628323,0.463618690974977,-0.986516837378045,0.167593823292836,-117.79,36.65
"Antarianunts-So.Paiute",0.350109166620026,0.500109166620026,0.150109166620026,-0.242251547468855,0.515535740282433,-0.807570332543884,-0.980757929960268,-110.72,37.86
"East_Monoowens_Valley",0.300055331809913,0.650055331809913,0.0500553318099129,0.318070123566733,0.342396106946084,-0.942718741789264,0.352811848011078,-118.18,36.88
"Kawich_Mountains",0.450116241515386,0.550116241515386,0.000116241515386298,-0.413963027302342,0.198568491879017,-0.811324455022922,-1.49936839917135,-116.45,37.92
"Kaibab",0.400102448038654,0.600102448038654,0.000102448038654255,0.164433536347298,0.403752619763987,-0.79380521678741,-1.05484513984756,-112.55,36.9
"Mono_Lake-(Kuzedika)",0.45013422902144,0.48013422902144,0.0701342290214399,-0.432037919916393,0.0818172326708623,-0.821335448300358,-0.573278275580134,-118.85,38.11
"Deep_Springs",0.450003674650446,0.550003674650447,0.00000367465044644697,-0.341663456846137,0.139944455340454,-0.862630795569779,-0.832583510185674,-118,37.28
"Salmon_Eater_Shoshoni",0.500124612667921,0.300124612667921,0.200124612667921,-0.0524651750213168,0.491688674571831,-0.843860183174588,-0.462147460749189,-115.3,42.94
"Kuyuidokado-Pyramid_Lk",0.200140989011244,0.500140989011244,0.300140989011244,0.0379092880489393,0.270606502879793,-0.870139040527856,-0.499191065692837,-119.6,40
"Ute-Timpanogas",0.300025424474038,0.400025424474038,0.300025424474038,-0.124764745477522,0.604465422828219,-0.671170549138824,-1.42528118928405,-111.81,40.22
"Cattail_Eater_Paiute",0.300005283084046,0.500005283084046,0.200005283084046,-0.197064315933727,0.365746358787715,-0.936461870990867,-1.35119397939675,-118.7,40.12
"Fish_Lake-Paiute",0.300014537353871,0.500014537353871,0.200014537353871,-0.242251547468855,0.239058822200143,-0.931456374352149,-1.27710676950946,-118.14,37.69
"No.Paiute-Honey_Lake",0.500078272153431,0.400078272153431,0.100078272153431,-0.151877084398599,0.161307451706202,-0.628623827709722,0.241681033180133,-120.44,40.27
"Hukundika_Shoshone",0.35008063949388,0.45008063949388,0.20008063949388,-0.178989423319675,0.705318638229306,-0.631126576029081,-1.27710676950946,-112.22,41.55
"Gosiute_(Deep_Creek)",0.400049395837843,0.500049395837843,0.100049395837843,-0.368775795767213,0.432071010295327,-0.807570332543884,-1.35119397939675,-114,39.88
"Spring_Valley-Shoshoni",0.550127158477193,0.450127158477193,0.000127158477192771,-0.215139208547778,0.449211088774822,-0.862630795569779,-1.35119397939675,-114.48,39.19
"White_Knife-Shoshone",0.450023365070596,0.400023365070596,0.150023365070596,-0.160914530705624,0.389841831432803,-0.891412401242407,-1.05484513984756,-117.31,41
"Shoshoni-Railroad_Valley",0.450044330042425,0.550044330042425,0.0000443300424248455,-0.0163153897932144,0.408969165388181,-0.902674768679522,-1.68458642388959,-115.78,38.33
"Reese_River",0.40008382606444,0.45008382606444,0.15008382606444,-0.269363886389932,0.295944010197308,-0.867636292208497,-1.3882375843404,-117.32,39.25
"Mono-North_Fork",0.450057725249995,0.400057725249995,0.150057725249995,-0.45915025883747,-0.231175504780787,-0.0992925581653156,0.760291502391212,-119.07,37
"Grouse_Creek",0.450031360372071,0.400031360372071,0.150031360372071,-0.341663456846137,0.560497395424297,-0.827592319098755,-1.3141503744531,-113.94,41.59
"South_Ute_(Wimonantci)",0.550079037511974,0.350079037511974,0.100079037511974,-0.287438779003983,0.555280849800103,-0.70120352897113,-1.09188874479121,-109,37.67
"No._Paiute-Bear_Creek_Or",0.500144279886836,0.450144279886836,0.0501442798868361,-0.468187705144495,0.0495243311877557,-0.776285978551897,-0.980757929960268,-120.49,43.94
"Shoshoni-Antelope_Valley",0.400159665417943,0.500159665417943,0.100159665417943,-0.413963027302342,0.426109243867676,-0.788799720148692,-1.49936839917135,-114.24,40.19
"Washo",0.370006713055014,0.480006713055014,0.150006713055014,-0.197064315933727,0.102683415167639,-0.756263991997026,-0.0546678063690553,-119.82,39.08
"Kidutokado-Suprise_Val",0.300078401194689,0.500078401194688,0.200078401194689,-0.197064315933727,0.228128917082784,-0.739996127921193,-0.610321880523783,-120.06,41.5
"Wind_River-Shoshone",0.650053044049969,0.200053044049969,0.150053044049969,-0.504337490372598,0.603968608959248,-0.83885468653587,0.0935066134055387,-108.86,43.19
"Wadadika-Ruby_Valley",0.370108420927873,0.550108420927873,0.0801084209278727,-0.332626010539111,0.407230316846783,-0.722476889685681,-1.20301955962216,-115.39,40.36
"Bohogue-Shoshone-East",0.550056003409595,0.300056003409595,0.150056003409595,-0.495300044065572,0.547580234831054,-0.711214522248566,-1.4623247942277,-112,43
"Uintah-(Ute)",0.350109862372534,0.400109862372534,0.250109862372534,-0.549524721907726,0.583102426462472,-0.780040101030936,-1.64754281894594,-110.22,40.47
"Wadadokado-Harney_Val",0.350114425665571,0.450114425665571,0.200114425665571,-0.377813242074239,0.262905887910745,-0.798810713426128,-0.906670720072971,-119.14,43.25
"Agaiduka_(Lemhi_River)",0.550132764888026,0.200132764888026,0.250132764888026,-0.432037919916393,0.598503656400569,-0.830095067418114,-0.721452695354728,-113.84,45.17
"Shoshoni-Little_Smoky",0.550100416343569,0.450100416343569,0.000100416343568689,-0.287438779003983,0.394561563188026,-0.811324455022922,-1.536412004115,-115.84,39.33
"Uncompahgre-(Ute)",0.500032617177672,0.350032617177672,0.150032617177672,-0.567599614521777,0.331466201828725,-0.487218547665945,-1.42528118928405,-107.8,38.14
"Lipan",0.350119514403363,0.600119514403363,0.0501195144033627,0.878391794602322,0.00307223443897917,-0.292004178755951,-0.721452695354728,-98.48,28.96
"Comanche",0.800015566015885,0.200015566015885,0.0000155660158848731,0.318070123566733,0.398536074139793,-0.516000153338572,0.0194194035182417,-100.5,36.83
"Chiricahua_Apache",0.40005443480874,0.60005443480874,0.0000544348087396334,0.336145016180785,0.022944789197814,-0.65615405922267,0.649160687560266,-101.76,32.52
"Kiowa-Apache",0.800082998734116,0.200082998734116,0.0000829987341157443,0.26384544572458,0.711528811591442,-0.357075635059282,-0.351016645918243,-99.1,36.9
"Kiowa",0.900089142152033,0.100089142152033,0.0000891421520334216,0.318070123566733,0.621108687438743,-0.265725321402682,-0.351016645918243,-98.9,35.83
"Cheyenne",0.80004497425456,0.15004497425456,0.0500449742545602,-0.115727299170496,0.658369727611559,-0.651148562583953,0.426899057898375,-102.35,38.83
"Arapaho",0.800064853233483,0.200064853233483,0.000064853233483204,-0.106689852863471,0.633777441097501,-0.627372453550043,0.500986267785672,-102.72,40.13
"Crow",0.800135041299489,0.200135041299489,0.000135041299489195,-0.260326440082906,0.656382472135675,-0.703706277290489,-0.202842226143649,-108.48,45.83
"Teton_Sioux",0.900051458522913,0.100051458522913,0.0000514585229127678,-0.296476225311009,1.05408197424686,-0.651148562583953,0.31576824306743,-102.27,44.5
"Kutenai_(Lower)",0.4500739236526,0.1500739236526,0.4000739236526,-0.639899184977982,0.301408962755987,-0.145593402073455,-0.906670720072971,-114.08,47.48
"Bannock_(Eastern)",0.500135189488426,0.300135189488426,0.200135189488426,-0.504337490372598,0.776363021492141,-0.833849189897152,-1.09188874479121,-112.32,43.66
"Gros_Ventre",0.800045200523935,0.200045200523935,0.0000452005239345326,-0.513374936679623,1.05482719505031,-0.756263991997026,0.278724638123781,-105.6,48.12
"Bungi_(Plains_Ojibwa)",0.750101918708364,0.100101918708364,0.150101918708364,-0.657974077592033,1.50096604938616,-0.517251527498252,0.0194194035182417,-97.25,47.6
"Piegan-(Pikuni)",0.800127578635197,0.200127578635197,0.000127578635197306,-0.567599614521777,0.805923446695908,-0.737493379601834,-0.202842226143649,-111.21,49.34
"Blackfoot",0.750141599876044,0.200141599876044,0.0501415998760443,-0.775460879583366,1.22324709663144,-0.743750250400232,-0.0917114113127038,-110.76,51.01
"Assiniboin",0.700004163573313,0.200004163573313,0.100004163573313,-0.793535772197417,1.46196616067194,-0.632377950188761,0.0194194035182417,-102.43,49.49
"Plains_Cree",0.750047489511495,0.100047489511495,0.150047489511495,-0.983322144644955,1.60827784508387,-0.598590847877416,-0.239885831087298,-102.67,51.86
"Blood_(Kainah)",0.850053190941347,0.100053190941347,0.0500531909413466,-0.82968555742552,0.955712828190625,-0.557295500607994,0.278724638123781,-113.86,52.79
"Sarsi",0.820078400791077,0.100078400791077,0.080078400791077,-0.883910235267674,1.25678203278697,-0.61110458947421,0.204637428236484,-111.04,53.15
"Squamish",0.250118013053408,0.150118013053408,0.600118013053408,-0.242251547468855,-0.0841185995654088,0.655286060121392,-0.202842226143649,-123.19,49.77
"Alsea",0.150088304592087,0.100088304592087,0.750088304592087,-0.16995197701265,-0.604034313443426,1.77902005551354,0.389855452954727,-123.84,44.42
"Puyallup",0.15010683651172,0.15010683651172,0.70010683651172,-0.16995197701265,-0.414996636300009,0.581454984700305,-0.647365485467431,-122.04,47.11
"Twana",0.200016624616592,0.100016624616591,0.700016624616591,-0.332626010539111,-0.412264160020669,1.66889912946175,0.167593823292836,-123.16,47.55
"Chehalis",0.200057582437759,0.150057582437759,0.650057582437759,-0.133802191784547,-0.55484974041531,1.52749384941797,0.0935066134055387,-123.67,46.87
"Nootka_(Central)",0.0500536725714013,0.0500536725714013,0.950053672571401,-0.612786846056905,-0.622416426595348,1.97423442442353,-0.202842226143649,-125.74,49.34
"Chinook",0.100006659339148,0.150006659339148,0.750006659339148,-0.133802191784547,-0.663900384654416,1.62635240803264,0.167593823292836,-123.75,46.06
"Coos",0.10013095543491,0.10013095543491,0.80013095543491,-0.0795775139423937,-0.762269530710648,0.959369980923498,0.500986267785672,-124.11,43.43
"Lilioot",0.400004577107014,0.100004577107014,0.500004577107014,-0.504337490372598,0.295944010197308,-0.014199115307113,-0.239885831087298,-123,50.46
"Lummi",0.150001314984349,0.100001314984349,0.750001314984349,-0.151877084398599,-0.402327882641252,0.314912288688582,-0.647365485467431,-122.34,48.84
"Quinault",0.150027814837566,0.100027814837566,0.750027814837566,-0.305513671618034,-0.492499599859465,2.86896694859434,0.167593823292836,-123.82,47.38
"Statlo",0.150022975960669,0.100022975960669,0.750022975960669,-0.151877084398599,-0.29029635518832,0.696581407390814,-0.313973040974595,-122.7,49.23
"Cowichan",0.300108250766087,0.100108250766087,0.600108250766087,-0.278401332696957,-0.53522559259096,0.462574439530757,0.31576824306743,-123.64,48.41
"Tillamook",0.250035539082531,0.300035539082531,0.450035539082531,-0.160914530705624,-0.759288647496823,1.75649532063931,0.167593823292836,-123.82,45.4
"Comox",0.150066714040471,0.100066714040471,0.750066714040471,-0.332626010539111,-0.395620895410145,1.12830549248022,-0.202842226143649,-125.5,50
"Bella_Bella",0.200097541479686,0.100097541479686,0.700097541479686,-0.739311094355264,-0.293774052271117,1.37232345361772,-0.68440909041108,-127.87,52.87
"Quileute",0.150045619028216,0.100045619028216,0.750045619028216,-0.278401332696957,-0.514359410094184,2.81265511140876,0.0935066134055387,-124.14,47.77
"Klallam",0.200048778807856,0.100048778807856,0.700048778807856,-0.269363886389932,-0.408538056003388,0.994408457394523,0.278724638123781,-123.55,47.95
"Makah",0.100063748314151,0.100063748314151,0.800063748314152,-0.215139208547778,-0.71482380622393,1.93419045131379,-0.0546678063690553,-124.58,48.22
"Haisla",0.350002895357353,0.100002895357353,0.550002895357353,-0.775460879583366,-0.232169132518728,1.12455137000119,-0.647365485467431,-128.42,53.5
"Kwakiutl",0.100132485190287,0.0501324851902872,0.850132485190287,-0.721236201741213,-0.596830512343348,1.2271640510949,-0.42510385580554,-126.67,50.42
"Tsimshim",0.200185287801104,0.0501852878011042,0.750185287801104,-0.703161309127161,-0.366805691009835,1.38483719521451,-0.68440909041108,-129.58,54
"Haida",0.100019849219956,0.0100198492199558,0.890019849219956,-0.39588813468829,-0.581180875470766,0.960621355083178,-0.758496300298377,-132.29,53.54
"Bella_Coola",0.25002587561846,0.0500258756184595,0.700025875618459,-0.929097466802802,-0.154169355090302,0.177261131123843,-0.795539905242025,-126.58,52.32
"Tlingit",0.15008988012343,0.0100898801234296,0.84008988012343,-0.549524721907726,-0.293774052271117,1.93419045131379,-0.758496300298377,-133.59,57
"Gitksan",0.300053397954977,0.0100533979549765,0.690053397954976,-0.730273648048238,0.46237665630255,-0.387108614891589,-0.869627115129322,-128.06,55.65
"Konaig",0.0500887295720285,0.0100887295720285,0.940088729572028,-0.667011523899059,-0.245086293111971,0.61524208701165,-1.42528118928405,-153.16,57.93
"Eyak",0.100048836662564,0.000148836662563729,0.899948836662564,-0.721236201741213,-0.111940176227778,1.31350886811278,-0.943714325016619,-144,60.48
"Kuskowagmut",0.200111717520567,0.0501117175205666,0.750111717520567,-1.15503362447844,0.940808412121499,-0.642388943466196,0.167593823292836,-161.55,61.01
"Chugach_Eskimo",0.100074995130185,0.000174995130185262,0.899974995130185,-1.2454080875487,0.418905442767599,-0.211916232536466,-1.20301955962216,-147.61,61.21
"Aleut",0.0500218605125886,0.0100218605125886,0.940021860512589,-0.920060020495776,-0.616454660167698,0.0784025725091662,-1.24006316456581,-162.85,55
"Nunivak",0.150107183801968,0.0101071838019685,0.840107183801968,-1.16407107078547,0.181180006465037,-0.255714328125247,-0.202842226143649,-166.3,60.03
"Tenino",0.200042255321984,0.300042255321984,0.500042255321984,-0.0343902824072656,0.227880510148299,-0.828843693258434,-0.239885831087298,-120.45,45.59
"Umatiela",0.300108295016687,0.300108295016687,0.400108295016687,-0.0615026213283425,0.150874360457813,-0.806318958384204,-0.610321880523783,-119.94,45.49
"Wanatchi",0.250123711432282,0.200123711432282,0.550123711432282,-0.0795775139423937,0.496159999392569,-0.847614305653626,-0.239885831087298,-120.31,47.41
"Yakima",0.250151557637854,0.300151557637854,0.450151557637854,-0.00727794348618876,0.363013882508376,-0.916439884435996,-0.42510385580554,-120.27,46.33
"Wishram",0.150092158232519,0.250092158232519,0.600092158232519,-0.305513671618034,0.0614478640430566,-0.375846247454474,0.463942662842024,-121.13,45.72
"Coeur_D'alene",0.550078708338832,0.200078708338832,0.250078708338832,-0.594711953442854,0.172734170692532,0.0521237151558978,-0.610321880523783,-116.34,47.42
"Sinkaietk",0.250097935348326,0.150097935348326,0.600097935348326,-0.278401332696957,0.491937081506317,-0.763772236955103,-1.24006316456581,-119.56,48.78
"Okanagon",0.300025716544763,0.250025716544763,0.450025716544763,-0.287438779003983,0.367982021198084,-0.780040101030936,-1.3141503744531,-119.63,49.46
"Sanpoil",0.350023323890439,0.25002332389044,0.40002332389044,-0.413963027302342,0.369472462804997,-0.659908181701709,-0.869627115129322,-118.44,47.94
"Nez_Perce",0.150022868786419,0.330022868786419,0.520022868786419,-0.45915025883747,0.130256584895522,-0.370840750815756,-1.24006316456581,-116.46,46.25
"Thompson",0.250166255800822,0.200166255800822,0.550166255800822,-0.703161309127161,0.380402367922356,-0.65740543338235,-1.16597595467851,-121.75,51.26
"Kalispel",0.350035300158952,0.200035300158952,0.450035300158952,-0.441075366223418,0.250237134251988,-0.145593402073455,-0.68440909041108,-115.67,47.94
"East_Ojibwa--Kitchibuan",0.40013392197365,0.15013392197365,0.45013392197365,-0.404925580995316,0.750031886436685,-0.144342027913776,-1.16597595467851,-85.1,45.21
"Katikitegon_Lac_Vieux",0.450192691358585,0.150192691358585,0.400192691358585,-0.522412382986649,1.15021545789272,-0.130576912157302,-0.276929436030946,-91,45
"Micmac_(Souriquois)",0.550140611462835,0.100140611462835,0.350140611462835,-0.513374936679623,0.598255249466083,0.259851825662686,-1.57345560905864,-65,46.99
"Flathead",0.600124424617028,0.200124424617028,0.200124424617028,-0.838723003732546,0.258931376958978,-0.609853215314531,-0.980757929960268,-113.26,46.28
"Rainy_River-(Emo_Ojibw)",0.600121679309105,0.100121679309105,0.300121679309105,-0.404925580995316,0.750031886436685,-0.144342027913776,-1.16597595467851,-85.1,45.21
"North_Saulteaux-Berens",0.650093429894732,0.0500934298947321,0.300093429894732,-1.01947192987306,1.73620741634386,-0.460939690312676,-0.388060250861892,-96.78,52.28
"Shuswap-(Southeastern)",0.3000083674992,0.1500083674992,0.5500083674992,-1.2454080875487,0.199562119616959,-0.168118136947685,-1.4623247942277,-119.53,53.41
"Pekangekum-Ojibwa",0.600132619068629,0.100132619068629,0.300132619068629,-1.04658426879413,1.69820115536759,-0.385857240731909,-0.388060250861892,-93.85,51.84
"Round_Lake_Ojibwa",0.650073097041438,0.150073097041438,0.200073097041438,-1.19118340970654,1.76402899300623,-0.324539906907616,-0.462147460749189,-90.62,52.71
"Alcatcho",0.550084888350318,0.100084888350318,0.350084888350318,-1.13695873186439,0.0977152764779302,-0.47470480606915,-1.3141503744531,-124.02,51.32
"Ojibwa-Nipigon",0.550159715791857,0.100159715791857,0.350159715791857,-0.929097466802802,1.32484553283598,-0.1793805043848,-1.01780153490392,-88.31,49.34
"Mistassini_Cree",0.74000571072086,0.00900571072085975,0.25100571072086,-1.33578255061895,1.51288958224146,0.0145824903655143,-0.869627115129322,-72.66,51.75
"No.Ojibwa--Albanymoose",0.600048548274766,0.0500485482747659,0.350048548274766,-1.06465916140819,1.56356459687649,-0.265725321402682,-0.906670720072971,-83.1,51.22
"Waswanipi-Cree",0.55007507485083,0.0500750748508301,0.40007507485083,-1.04658426879413,1.4388643157648,-0.014199115307113,-0.795539905242025,-76.64,49.78
"Ojibwa-Weagamon",0.550123727457598,0.100123727457598,0.350123727457598,-1.19118340970654,1.76651306235109,-0.329545403546334,-0.462147460749189,-90.64,52.79
"Montagnais",0.500034247536244,0.100034247536244,0.400034247536244,-1.09177150032926,1.46941836870651,0.0396099735591033,-1.09188874479121,-63.33,52.42
"Sekani",0.600266231894498,0.100266231894498,0.300266231894498,-0.920060020495776,1.23218974627292,-0.581071609641903,-0.313973040974595,-120,56.14
"Beaver",0.550000995242587,0.100000995242587,0.350000995242586,-1.08273405402224,1.83855107335186,-0.663662304180747,-0.42510385580554,-115.76,58.51
"Slave",0.600145810805379,0.100145810805379,0.300145810805379,-1.35385744323301,2.22805314662503,-0.697449406492092,-0.499191065692837,-119.5,61.15
"Kaska",0.650038572625213,0.100038572625213,0.250038572625213,-1.36289488954003,1.06401825162628,-0.469699309430432,-1.24006316456581,-125,59.73
"Tahltan",0.600108487574464,0.100108487574464,0.300108487574464,-1.18214596339952,0.857592089068878,-0.561049623087032,-0.906670720072971,-127.85,57.66
"Chilcotin",0.400132850465153,0.100132850465153,0.500132850465153,-0.793535772197417,0.190122656106512,-0.480961676867547,-1.01780153490392,-124,51.68
"Carrier_(Hwitsowitenne)",0.470110601919587,0.100110601919587,0.430110601919587,-0.766423433276341,0.5450961654862,-0.502235037582098,-1.12893234973486,-123.15,53.33
"Mountain",0.750131215763331,0.100131215763331,0.150131215763331,-1.62498083244377,2.11776046771349,-0.65615405922267,-0.42510385580554,-125.37,63.68
"Han_(Yukon_Athabaskan)",0.700067111715558,0.100067111715558,0.200067111715558,-1.44423190630326,2.00225124317777,-0.783794223509974,0.0935066134055387,-141.2,64.79
"Hare",0.65004101905561,0.10004101905561,0.25004101905561,-1.91417911426859,1.96374816833252,-0.860128047250421,-0.239885831087298,-125,67.47
"Attawapiskat_Cree",0.400257614976095,0.0502576149760949,0.550257614976095,-1.27252042646978,1.63957711882903,-0.42965533632069,-0.42510385580554,-83.88,53.62
"Koyukon",0.600010760804788,0.0500107608047884,0.350010760804788,-1.76054252704916,2.1910405133867,-0.646143065945235,-0.0176242014254068,-153.78,66.52
"Chippewyan_(Athabaskan)",0.700189388771568,0.0501893887715678,0.250189388771568,-1.48941913783839,2.09912994762709,-0.652399936743632,-0.388060250861892,-106.19,59.47
"Kutchin_Peel_River",0.650035204796649,0.020035204796649,0.330035204796649,-1.61594338613675,2.00473531252262,-0.728733760484078,-0.906670720072971,-135.23,65.94
"Ingalik",0.430049300421571,0.0200493004215708,0.550049300421571,-1.25444553385572,1.34422127372585,-0.614858711953248,0.204637428236484,-157.75,61.82
"Satudene-Bear Lake",0.750057913232837,0.0300579132328367,0.200057913232837,-1.76054252704916,2.0767733235234,-0.807570332543884,-0.276929436030946,-122.89,65.75
"Nabesna",0.400073379092499,0.0300733790924993,0.570073379092499,-1.46230679891731,1.91207952595955,-0.831346441577793,0.575073477672969,-143.12,63.44
"Rupert_House-Cree",0.560086888094664,0.0300868880946638,0.410086888094664,-1.14599617817142,1.47190243805136,-0.153101647031532,-0.721452695354728,-77.81,51.08
"Dogrib",0.660087810840466,0.0300878108404658,0.310087810840466,-1.66113061767188,2.31400194595699,-0.81507857750196,-0.499191065692837,-115.61,63.85
"Tanaina",0.510059493896676,0.0300594938966763,0.460059493896676,-0.929097466802802,0.751522328043597,-0.460939690312676,-0.313973040974595,-150.45,61.74
"Tutchone",0.620095592228376,0.0200955922283758,0.360095592228376,-1.67920551028593,1.05656604359171,-0.734990631282476,-0.0546678063690553,-138.21,61.24
"Holikachuk",0.360219986788893,0.0202199867888928,0.620219986788893,-1.37193233584706,1.62492110969439,-0.623618331071005,0.0194194035182417,-157.54,63.33
"Naskapi",0.730091665809742,0.0100916658097424,0.260091665809742,-1.42615701368921,1.54567929759354,-0.402125104807742,-0.832583510185674,-68.92,56.19
"Norton_Sound-Eskimo",0.150101625910485,0.0101016259104847,0.840101625910485,-1.35385744323301,1.12313910203381,-0.711214522248566,0.760291502391212,-160.75,63.98
"Kobuk_Eskimo",0.630146942524321,0.0101469425243211,0.360146942524321,-1.69728040289998,1.83159567918627,-0.800062087585807,0.0194194035182417,-156.94,66.95
"Kotzebue_Sound-Eskimo",0.210025981104904,0.0100259811049042,0.780025981104904,-1.55268126198757,1.3519218886949,-0.827592319098755,0.463942662842024,-161.53,66.77
"Labrador_Eskimo",0.290147065198059,0.000247065198059424,0.710047065198059,-1.74246763443511,0.83573227883416,-0.0604999592152526,-1.4623247942277,-62.02,57.97
"Great_Whale-Eskimo",0.180096820443135,0.00109682044313548,0.819096820443136,-1.44423190630326,1.40930389056103,-0.375846247454474,-0.388060250861892,-77.69,55.32
"Caribou_Eskimo",0.55013209703404,0.00113209703403966,0.44913209703404,-2.19433994978639,2.42553665954095,-0.845111557334267,0.130550218349187,-96.2,64.33
"Noatak-Eskimo",0.750114536993401,0.00111453699340121,0.249114536993401,-1.89610422165454,1.42023379567839,-0.870139040527856,0.389855452954727,-160,68.09
"Nunamiut_Eskimo",0.890125936642526,0.00112593664252564,0.109125936642526,-2.06781570148803,2.11949931625489,-0.836351938216511,0.204637428236484,-151.71,68.18
"Mackenzie-Eskimo",0.380051931722875,0.00105193172287534,0.619051931722875,-2.01359102364588,1.94412402050817,-0.97525446994093,0.204637428236484,-132.09,69.96
"Sivokamiut_(St_Lawrnce)",0.100091578471244,0.00109157847124406,0.899091578471244,-1.39904467476813,0.447720647167909,-0.624869705230684,-0.165798621200001,-170.31,63.49
"Point_Hope-Eskimo",0.350051790712126,0.000151790712125668,0.649051790712126,-1.75150508074213,1.13158493780631,-0.854407479627561,0.141134105634702,-166.62,68.29
"Copper_Eskimo",0.250206339836177,0.000306339836177434,0.750106339836177,-2.18530250347936,1.89667829602146,-0.990270959857083,0.500986267785672,-106.61,68.58
"Utkuhikhalingmiut",0.30004268881256,0.000142688812559746,0.69904268881256,-2.34797653700582,2.32989998976406,-0.931456374352149,0.352811848011078,-95.18,66.99
"Aivilingmiut",0.350036033481798,0.000136033481797971,0.649036033481798,-2.14915271825126,1.86239813906247,-0.862630795569779,0.352811848011078,-88.12,65.16
"Iglulik",0.150072448808218,0.000172448808218005,0.849972448808218,-2.29375185916367,1.74440484518188,-0.83885468653587,-0.128755016256352,-81.51,69.44
"W._Greenland_Eskimo",0.150108155778058,0.000208155778058407,0.850008155778058,-1.60690593982972,0.587325344348724,-0.772531856072859,-1.05484513984756,-50.21,69.31
"Baffin_Island_Eskimo",0.0501280437683652,0.000228043768365166,0.950028043768365,-2.11300293302316,1.01905659648441,-0.573563364683827,-0.536234670636486,-65,65
"Netsilik_Eskimo",0.25020898902209,0.00030898902208993,0.75010898902209,-2.51065057053229,1.97865258440165,-0.97400309578125,0.463942662842024,-94.93,71.46
"Angmaksalik",0.100022872663067,0.000122872663067345,0.899922872663067,-1.16407107078547,-0.246825141653369,0.00206874876871981,-1.27710676950946,-37.64,65.63
"Tareumiut",0.250211880649743,0.000311880649742774,0.750111880649743,-2.12204037933018,1.31987739414627,-1.0077901980926,0.649160687560266,-156.78,71.32
"Polar_Eskimo",0.300067590710704,0.000167590710704157,0.699967590710704,-2.16722761086531,1.24121519739786,-1.01029294641195,-0.721452695354728,-69.5,77.49
